[10.0, 0.0, 0.10000000000000001];[9.782204434076947, -2.0721864318847656, 0.10000000000000001]
[9.7822044340769452, -2.0721864318847656, 0.10000000000000001];[9.7814760208129883, -2.0791168212890625, 0.10000000000000001]
[9.7814760208129883, -2.0791168212890625, 0.10000000000000001];[9.1376075839996336, -4.0607391007741294, 0.10000000000000001]
[9.1376075839996336, -4.0607391007741294, 0.10000000000000001];[9.1354541778564453, -4.0673666000366211, 0.10000000000000001]
[9.1354541778564453, -4.0673666000366211, 0.10000000000000001];[8.0936541875203449, -5.871817487080893, 0.10000000000000001]
[8.0936541875203449, -5.8718174870808912, 0.10000000000000001];[8.0901699066162092, -5.8778524398803702, 0.10000000000000001]
[8.0901699066162109, -5.8778524398803711, 0.10000000000000001];[6.6959689935048443, -7.4262698062260952, 0.10000000000000001]
[6.6959689935048425, -7.4262698062260943, 0.10000000000000001];[6.6913061141967782, -7.4314484596252459, 0.10000000000000001]
[6.6913061141967773, -7.4314484596252441, 0.10000000000000001];[5.0056376870473223, -8.6561584583918236, 0.10000000000000001]
[5.0056376870473223, -8.6561584583918254, 0.10000000000000001];[4.9999999999999982, -8.6602544784545845, 0.10000000000000001]
[5.0, -8.6602544784545898, 0.10000000000000001];[3.0965360069274901, -9.5077304363250725, 0.10000000000000001]
[3.0965360069274901, -9.5077304363250725, 0.10000000000000001];[3.0901699066162114, -9.5105648040771502, 0.10000000000000001]
[3.0901699066162109, -9.5105648040771484, 0.10000000000000001];[1.0521009127299004, -9.9437701924641964, 0.10000000000000001]
[1.0521010319391886, -9.9437701924641928, 0.10000000000000001];[1.0452846288681032, -9.9452190399169922, 0.10000000000000001]
[1.045284628868103, -9.9452190399169922, 0.10000000000000001];[-1.0383160646756489, -9.9452190399169922, 0.10000000000000001]
[-1.0383160646756489, -9.9452190399169922, 0.10000000000000001];[-1.045284628868103, -9.9452190399169922, 0.10000000000000001]
[-1.045284628868103, -9.9452190399169922, 0.10000000000000001];[-3.0833536227544158, -9.5120136515299514, 0.10000000000000001]
[-3.0833535035451254, -9.5120136515299478, 0.10000000000000001];[-3.0901699066162109, -9.5105648040771484, 0.10000000000000001]
[-3.0901699066162109, -9.5105648040771484, 0.10000000000000001];[-4.9936338996887217, -8.6630888462066675, 0.10000000000000001]
[-4.9936338996887208, -8.6630888462066657, 0.10000000000000001];[-5.0, -8.6602544784545898, 0.10000000000000001]
[-5.0, -8.6602544784545898, 0.10000000000000001];[-6.6856684271494542, -7.4355444796880068, 0.10000000000000001]
[-6.6856684271494551, -7.4355444796880086, 0.10000000000000001];[-6.6913061141967756, -7.4314484596252415, 0.10000000000000001]
[-6.6913061141967773, -7.4314484596252441, 0.10000000000000001];[-8.0855070273081466, -5.88303109327952, 0.10000000000000001]
[-8.0855070273081466, -5.8830310932795209, 0.10000000000000001];[-8.0901699066162109, -5.8778524398803711, 0.10000000000000001]
[-8.0901699066162109, -5.8778524398803711, 0.10000000000000001];[-9.1319698969523113, -4.0734015528361009, 0.10000000000000001]
[-9.1319698969523113, -4.0734015528361009, 0.10000000000000001];[-9.1354541778564435, -4.0673666000366202, 0.10000000000000001]
[-9.1354541778564453, -4.0673666000366211, 0.10000000000000001];[-9.7793226146698, -2.0857443205515542, 0.10000000000000001]
[-9.7793226146698, -2.0857443205515542, 0.10000000000000001];[-9.7814760208129865, -2.0791168212890625, 0.10000000000000001]
[-9.7814760208129883, -2.0791168212890625, 0.10000000000000001];[-9.9992715867360449, -0.0069303894042986869, 0.10000000000000001]
[-9.9992715867360431, -0.0069303894042969105, 0.10000000000000001];[-9.9999999999999964, -1.1102230246251565e-15, 0.10000000000000001]
[-10.0, -1.2246467996456087e-15, 0.10000000000000001];[-9.782204434076947, 2.0721864318847656, 0.10000000000000001]
[-9.7822044340769452, 2.0721864318847643, 0.10000000000000001];[-9.7814760208129901, 2.0791168212890629, 0.10000000000000001]
[-9.7814760208129883, 2.0791168212890625, 0.10000000000000001];[-9.1376075839996336, 4.0607391007741294, 0.10000000000000001]
[-9.1376075839996336, 4.0607391007741294, 0.10000000000000001];[-9.1354541778564453, 4.0673666000366211, 0.10000000000000001]
[-9.1354541778564453, 4.0673666000366211, 0.10000000000000001];[-8.0936541875203449, 5.871817487080893, 0.10000000000000001]
[-8.0936541875203449, 5.8718174870808912, 0.10000000000000001];[-8.0901699066162092, 5.8778524398803702, 0.10000000000000001]
[-8.0901699066162109, 5.8778524398803711, 0.10000000000000001];[-6.6959689935048443, 7.4262698062260952, 0.10000000000000001]
[-6.6959689935048425, 7.4262698062260943, 0.10000000000000001];[-6.6913061141967782, 7.4314484596252459, 0.10000000000000001]
[-6.6913061141967773, 7.4314484596252441, 0.10000000000000001];[-5.0056376870473223, 8.6561584583918236, 0.10000000000000001]
[-5.0056376870473223, 8.6561584583918254, 0.10000000000000001];[-4.9999999999999982, 8.6602544784545845, 0.10000000000000001]
[-5.0, 8.6602544784545898, 0.10000000000000001];[-3.0965360069274901, 9.5077304363250725, 0.10000000000000001]
[-3.0965360069274901, 9.5077304363250725, 0.10000000000000001];[-3.0901699066162114, 9.5105648040771502, 0.10000000000000001]
[-3.0901699066162109, 9.5105648040771484, 0.10000000000000001];[-1.0521009127299004, 9.9437701924641964, 0.10000000000000001]
[-1.0521010319391886, 9.9437701924641928, 0.10000000000000001];[-1.0452846288681032, 9.9452190399169922, 0.10000000000000001]
[-1.045284628868103, 9.9452190399169922, 0.10000000000000001];[1.0383160646756489, 9.9452190399169922, 0.10000000000000001]
[1.0383160646756489, 9.9452190399169922, 0.10000000000000001];[1.045284628868103, 9.9452190399169922, 0.10000000000000001]
[1.045284628868103, 9.9452190399169922, 0.10000000000000001];[3.0833536227544158, 9.5120136515299514, 0.10000000000000001]
[3.0833535035451254, 9.5120136515299478, 0.10000000000000001];[3.0901699066162109, 9.5105648040771484, 0.10000000000000001]
[3.0901699066162109, 9.5105648040771484, 0.10000000000000001];[4.9936338996887217, 8.6630888462066675, 0.10000000000000001]
[4.9936338996887208, 8.6630888462066657, 0.10000000000000001];[5.0, 8.6602544784545898, 0.10000000000000001]
[5.0, 8.6602544784545898, 0.10000000000000001];[6.6856684271494542, 7.4355444796880068, 0.10000000000000001]
[6.6856684271494551, 7.4355444796880086, 0.10000000000000001];[6.6913061141967756, 7.4314484596252415, 0.10000000000000001]
[6.6913061141967773, 7.4314484596252441, 0.10000000000000001];[8.0855070273081466, 5.88303109327952, 0.10000000000000001]
[8.0855070273081466, 5.8830310932795209, 0.10000000000000001];[8.0901699066162109, 5.8778524398803711, 0.10000000000000001]
[8.0901699066162109, 5.8778524398803711, 0.10000000000000001];[9.1319698969523113, 4.0734015528361009, 0.10000000000000001]
[9.1319698969523113, 4.0734015528361009, 0.10000000000000001];[9.1354541778564435, 4.0673666000366202, 0.10000000000000001]
[9.1354541778564453, 4.0673666000366211, 0.10000000000000001];[9.7793226146698, 2.0857443205515542, 0.10000000000000001]
[9.7793226146698, 2.0857443205515542, 0.10000000000000001];[9.7814760208129865, 2.0791168212890625, 0.10000000000000001]
[9.7814760208129883, 2.0791168212890625, 0.10000000000000001];[9.9992715867360449, 0.0069303894042973546, 0.10000000000000001]
[9.9992715867360431, 0.0069303894042969105, 0.10000000000000001];[10.0, 0.0, 0.10000000000000001]
[10.0, 0.0, 0.20000000000000001];[9.7829328473409038, -2.0652560424804687, 0.20000000000000001]
[9.7829328473409021, -2.0652560424804687, 0.20000000000000001];[9.7814760208129883, -2.0791168212890625, 0.20000000000000001]
[9.7814760208129883, -2.0791168212890625, 0.20000000000000001];[9.1397609901428236, -4.0541116015116385, 0.20000000000000001]
[9.1397609901428218, -4.0541116015116376, 0.20000000000000001];[9.1354541778564471, -4.0673666000366211, 0.20000000000000001]
[9.1354541778564453, -4.0673666000366211, 0.20000000000000001];[8.0971384684244772, -5.8657825342814123, 0.20000000000000001]
[8.0971384684244789, -5.8657825342814132, 0.20000000000000001];[8.0901699066162109, -5.8778524398803711, 0.20000000000000001]
[8.0901699066162109, -5.8778524398803711, 0.20000000000000001];[6.700631872812906, -7.4210911528269445, 0.20000000000000001]
[6.7006318728129068, -7.4210911528269454, 0.20000000000000001];[6.6913061141967782, -7.431448459625245, 0.20000000000000001]
[6.6913061141967773, -7.4314484596252441, 0.20000000000000001];[5.0112753740946463, -8.6520624383290627, 0.20000000000000001]
[5.0112753740946445, -8.652062438329061, 0.20000000000000001];[4.9999999999999991, -8.6602544784545881, 0.20000000000000001]
[5.0, -8.6602544784545898, 0.20000000000000001];[3.1029021072387684, -9.5048960685729966, 0.20000000000000001]
[3.1029021072387692, -9.5048960685729984, 0.20000000000000001];[3.0901699066162127, -9.5105648040771502, 0.20000000000000001]
[3.0901699066162109, -9.5105648040771484, 0.20000000000000001];[1.0589171965916939, -9.9423213450113916, 0.20000000000000001]
[1.0589173158009846, -9.9423213450113934, 0.20000000000000001];[1.0452846288681028, -9.945219039916994, 0.20000000000000001]
[1.045284628868103, -9.9452190399169922, 0.20000000000000001];[-1.0313475004831947, -9.9452190399169922, 0.20000000000000001]
[-1.0313475004831951, -9.9452190399169922, 0.20000000000000001];[-1.045284628868103, -9.9452190399169922, 0.20000000000000001]
[-1.045284628868103, -9.9452190399169922, 0.20000000000000001];[-3.0765373388926185, -9.5134624989827437, 0.20000000000000001]
[-3.0765372196833294, -9.5134624989827472, 0.20000000000000001];[-3.0901699066162118, -9.5105648040771502, 0.20000000000000001]
[-3.0901699066162109, -9.5105648040771484, 0.20000000000000001];[-4.9872677993774408, -8.6659232139587363, 0.20000000000000001]
[-4.9872677993774417, -8.6659232139587399, 0.20000000000000001];[-5.0000000000000009, -8.6602544784545934, 0.20000000000000001]
[-5.0, -8.6602544784545898, 0.20000000000000001];[-6.6800307401021328, -7.4396404997507748, 0.20000000000000001]
[-6.6800307401021328, -7.439640499750773, 0.20000000000000001];[-6.6913061141967756, -7.4314484596252415, 0.20000000000000001]
[-6.6913061141967773, -7.4314484596252441, 0.20000000000000001];[-8.0808441480000806, -5.8882097466786716, 0.20000000000000001]
[-8.0808441480000823, -5.8882097466786698, 0.20000000000000001];[-8.0901699066162092, -5.877852439880372, 0.20000000000000001]
[-8.0901699066162109, -5.8778524398803711, 0.20000000000000001];[-9.1284856160481755, -4.079436505635579, 0.20000000000000001]
[-9.1284856160481773, -4.079436505635579, 0.20000000000000001];[-9.1354541778564435, -4.0673666000366211, 0.20000000000000001]
[-9.1354541778564453, -4.0673666000366211, 0.20000000000000001];[-9.7771692085266118, -2.0923718198140469, 0.20000000000000001]
[-9.7771692085266118, -2.092371819814046, 0.20000000000000001];[-9.7814760208129883, -2.0791168212890625, 0.20000000000000001]
[-9.7814760208129883, -2.0791168212890625, 0.20000000000000001];[-9.998543173472088, -0.013860778808595375, 0.20000000000000001]
[-9.9985431734720862, -0.013860778808593821, 0.20000000000000001];[-10.000000000000002, -1.3322676295501878e-15, 0.20000000000000001]
[-10.0, -1.2246467996456087e-15, 0.20000000000000001];[-9.7829328473409038, 2.0652560424804691, 0.20000000000000001]
[-9.7829328473409021, 2.0652560424804673, 0.20000000000000001];[-9.7814760208129883, 2.0791168212890625, 0.20000000000000001]
[-9.7814760208129883, 2.0791168212890625, 0.20000000000000001];[-9.1397609901428236, 4.0541116015116385, 0.20000000000000001]
[-9.1397609901428218, 4.0541116015116376, 0.20000000000000001];[-9.1354541778564471, 4.0673666000366211, 0.20000000000000001]
[-9.1354541778564453, 4.0673666000366211, 0.20000000000000001];[-8.0971384684244772, 5.8657825342814123, 0.20000000000000001]
[-8.0971384684244789, 5.8657825342814132, 0.20000000000000001];[-8.0901699066162109, 5.8778524398803711, 0.20000000000000001]
[-8.0901699066162109, 5.8778524398803711, 0.20000000000000001];[-6.700631872812906, 7.4210911528269445, 0.20000000000000001]
[-6.7006318728129068, 7.4210911528269454, 0.20000000000000001];[-6.6913061141967782, 7.431448459625245, 0.20000000000000001]
[-6.6913061141967773, 7.4314484596252441, 0.20000000000000001];[-5.0112753740946463, 8.6520624383290627, 0.20000000000000001]
[-5.0112753740946445, 8.652062438329061, 0.20000000000000001];[-4.9999999999999991, 8.6602544784545881, 0.20000000000000001]
[-5.0, 8.6602544784545898, 0.20000000000000001];[-3.1029021072387684, 9.5048960685729966, 0.20000000000000001]
[-3.1029021072387692, 9.5048960685729984, 0.20000000000000001];[-3.0901699066162127, 9.5105648040771502, 0.20000000000000001]
[-3.0901699066162109, 9.5105648040771484, 0.20000000000000001];[-1.0589171965916939, 9.9423213450113916, 0.20000000000000001]
[-1.0589173158009846, 9.9423213450113934, 0.20000000000000001];[-1.0452846288681028, 9.945219039916994, 0.20000000000000001]
[-1.045284628868103, 9.9452190399169922, 0.20000000000000001];[1.0313475004831947, 9.9452190399169922, 0.20000000000000001]
[1.0313475004831951, 9.9452190399169922, 0.20000000000000001];[1.045284628868103, 9.9452190399169922, 0.20000000000000001]
[1.045284628868103, 9.9452190399169922, 0.20000000000000001];[3.0765373388926185, 9.5134624989827437, 0.20000000000000001]
[3.0765372196833294, 9.5134624989827472, 0.20000000000000001];[3.0901699066162118, 9.5105648040771502, 0.20000000000000001]
[3.0901699066162109, 9.5105648040771484, 0.20000000000000001];[4.9872677993774408, 8.6659232139587363, 0.20000000000000001]
[4.9872677993774417, 8.6659232139587399, 0.20000000000000001];[5.0000000000000009, 8.6602544784545934, 0.20000000000000001]
[5.0, 8.6602544784545898, 0.20000000000000001];[6.6800307401021328, 7.4396404997507748, 0.20000000000000001]
[6.6800307401021328, 7.439640499750773, 0.20000000000000001];[6.6913061141967756, 7.4314484596252415, 0.20000000000000001]
[6.6913061141967773, 7.4314484596252441, 0.20000000000000001];[8.0808441480000806, 5.8882097466786716, 0.20000000000000001]
[8.0808441480000823, 5.8882097466786698, 0.20000000000000001];[8.0901699066162092, 5.877852439880372, 0.20000000000000001]
[8.0901699066162109, 5.8778524398803711, 0.20000000000000001];[9.1284856160481755, 4.079436505635579, 0.20000000000000001]
[9.1284856160481773, 4.079436505635579, 0.20000000000000001];[9.1354541778564435, 4.0673666000366211, 0.20000000000000001]
[9.1354541778564453, 4.0673666000366211, 0.20000000000000001];[9.7771692085266118, 2.0923718198140469, 0.20000000000000001]
[9.7771692085266118, 2.092371819814046, 0.20000000000000001];[9.7814760208129883, 2.0791168212890625, 0.20000000000000001]
[9.7814760208129883, 2.0791168212890625, 0.20000000000000001];[9.998543173472088, 0.013860778808594043, 0.20000000000000001]
[9.9985431734720862, 0.013860778808593821, 0.20000000000000001];[10.0, 2.2204460492503131e-16, 0.20000000000000001]
[10.0, 0.0, 0.30000000000000004];[9.7836612606048607, -2.0583256530761718, 0.30000000000000004]
[9.783661260604859, -2.0583256530761718, 0.30000000000000004];[9.7814760208129901, -2.0791168212890629, 0.30000000000000004]
[9.7814760208129883, -2.0791168212890625, 0.30000000000000004];[9.1419143962860083, -4.0474841022491459, 0.30000000000000004]
[9.1419143962860101, -4.047484102249145, 0.30000000000000004];[9.1354541778564453, -4.067366600036622, 0.30000000000000004]
[9.1354541778564453, -4.0673666000366211, 0.30000000000000004];[8.1006227493286111, -5.8597475814819324, 0.30000000000000004]
[8.1006227493286129, -5.8597475814819333, 0.30000000000000004];[8.0901699066162127, -5.8778524398803711, 0.30000000000000004]
[8.0901699066162109, -5.8778524398803711, 0.30000000000000004];[6.7052947521209703, -7.4159124994277947, 0.30000000000000004]
[6.705294752120972, -7.4159124994277956, 0.30000000000000004];[6.6913061141967782, -7.431448459625245, 0.30000000000000004]
[6.6913061141967773, -7.4314484596252441, 0.30000000000000004];[5.0169130611419668, -8.6479664182662948, 0.30000000000000004]
[5.0169130611419677, -8.6479664182662965, 0.30000000000000004];[5.0000000000000018, -8.6602544784545898, 0.30000000000000004]
[5.0, -8.6602544784545898, 0.30000000000000004];[3.1092682075500502, -9.5020617008209243, 0.30000000000000004]
[3.1092682075500488, -9.5020617008209225, 0.30000000000000004];[3.0901699066162109, -9.5105648040771484, 0.30000000000000004]
[3.0901699066162109, -9.5105648040771484, 0.30000000000000004];[1.0657334804534913, -9.9408724975585958, 0.30000000000000004]
[1.0657335996627806, -9.940872497558594, 0.30000000000000004];[1.0452846288681035, -9.945219039916994, 0.30000000000000004]
[1.045284628868103, -9.9452190399169922, 0.30000000000000004];[-1.0243789362907409, -9.9452190399169922, 0.30000000000000004]
[-1.0243789362907409, -9.9452190399169922, 0.30000000000000004];[-1.045284628868103, -9.9452190399169922, 0.30000000000000004]
[-1.045284628868103, -9.9452190399169922, 0.30000000000000004];[-3.0697210550308229, -9.5149113464355466, 0.30000000000000004]
[-3.0697209358215334, -9.5149113464355466, 0.30000000000000004];[-3.0901699066162109, -9.5105648040771484, 0.30000000000000004]
[-3.0901699066162109, -9.5105648040771484, 0.30000000000000004];[-4.9809016990661625, -8.6687575817108176, 0.30000000000000004]
[-4.9809016990661625, -8.6687575817108158, 0.30000000000000004];[-5.0, -8.6602544784545898, 0.30000000000000004]
[-5.0, -8.6602544784545898, 0.30000000000000004];[-6.6743930530548088, -7.4437365198135357, 0.30000000000000004]
[-6.6743930530548097, -7.4437365198135375, 0.30000000000000004];[-6.6913061141967782, -7.4314484596252459, 0.30000000000000004]
[-6.6913061141967773, -7.4314484596252441, 0.30000000000000004];[-8.0761812686920145, -5.8933884000778196, 0.30000000000000004]
[-8.0761812686920162, -5.8933884000778196, 0.30000000000000004];[-8.0901699066162127, -5.877852439880372, 0.30000000000000004]
[-8.0901699066162109, -5.8778524398803711, 0.30000000000000004];[-9.1250013351440433, -4.0854714584350589, 0.30000000000000004]
[-9.1250013351440433, -4.0854714584350589, 0.30000000000000004];[-9.1354541778564453, -4.0673666000366211, 0.30000000000000004]
[-9.1354541778564453, -4.0673666000366211, 0.30000000000000004];[-9.7750158023834217, -2.0989993190765381, 0.30000000000000004]
[-9.7750158023834235, -2.0989993190765381, 0.30000000000000004];[-9.7814760208129865, -2.0791168212890621, 0.30000000000000004]
[-9.7814760208129883, -2.0791168212890625, 0.30000000000000004];[-9.9978147602081293, -0.020791168212892064, 0.30000000000000004]
[-9.9978147602081293, -0.020791168212890732, 0.30000000000000004];[-10.0, -1.1102230246251565e-15, 0.30000000000000004]
[-10.0, -1.2246467996456087e-15, 0.30000000000000004];[-9.7836612606048607, 2.0583256530761722, 0.30000000000000004]
[-9.783661260604859, 2.0583256530761704, 0.30000000000000004];[-9.7814760208129883, 2.0791168212890625, 0.30000000000000004]
[-9.7814760208129883, 2.0791168212890625, 0.30000000000000004];[-9.1419143962860083, 4.0474841022491459, 0.30000000000000004]
[-9.1419143962860101, 4.047484102249145, 0.30000000000000004];[-9.1354541778564453, 4.067366600036622, 0.30000000000000004]
[-9.1354541778564453, 4.0673666000366211, 0.30000000000000004];[-8.1006227493286111, 5.8597475814819324, 0.30000000000000004]
[-8.1006227493286129, 5.8597475814819333, 0.30000000000000004];[-8.0901699066162127, 5.8778524398803711, 0.30000000000000004]
[-8.0901699066162109, 5.8778524398803711, 0.30000000000000004];[-6.7052947521209703, 7.4159124994277947, 0.30000000000000004]
[-6.705294752120972, 7.4159124994277956, 0.30000000000000004];[-6.6913061141967782, 7.431448459625245, 0.30000000000000004]
[-6.6913061141967773, 7.4314484596252441, 0.30000000000000004];[-5.0169130611419668, 8.6479664182662948, 0.30000000000000004]
[-5.0169130611419677, 8.6479664182662965, 0.30000000000000004];[-5.0000000000000018, 8.6602544784545898, 0.30000000000000004]
[-5.0, 8.6602544784545898, 0.30000000000000004];[-3.1092682075500502, 9.5020617008209243, 0.30000000000000004]
[-3.1092682075500488, 9.5020617008209225, 0.30000000000000004];[-3.0901699066162109, 9.5105648040771484, 0.30000000000000004]
[-3.0901699066162109, 9.5105648040771484, 0.30000000000000004];[-1.0657334804534913, 9.9408724975585958, 0.30000000000000004]
[-1.0657335996627806, 9.940872497558594, 0.30000000000000004];[-1.0452846288681035, 9.945219039916994, 0.30000000000000004]
[-1.045284628868103, 9.9452190399169922, 0.30000000000000004];[1.0243789362907409, 9.9452190399169922, 0.30000000000000004]
[1.0243789362907409, 9.9452190399169922, 0.30000000000000004];[1.045284628868103, 9.9452190399169922, 0.30000000000000004]
[1.045284628868103, 9.9452190399169922, 0.30000000000000004];[3.0697210550308229, 9.5149113464355466, 0.30000000000000004]
[3.0697209358215334, 9.5149113464355466, 0.30000000000000004];[3.0901699066162109, 9.5105648040771484, 0.30000000000000004]
[3.0901699066162109, 9.5105648040771484, 0.30000000000000004];[4.9809016990661625, 8.6687575817108176, 0.30000000000000004]
[4.9809016990661625, 8.6687575817108158, 0.30000000000000004];[5.0, 8.6602544784545898, 0.30000000000000004]
[5.0, 8.6602544784545898, 0.30000000000000004];[6.6743930530548088, 7.4437365198135357, 0.30000000000000004]
[6.6743930530548097, 7.4437365198135375, 0.30000000000000004];[6.6913061141967782, 7.4314484596252459, 0.30000000000000004]
[6.6913061141967773, 7.4314484596252441, 0.30000000000000004];[8.0761812686920145, 5.8933884000778196, 0.30000000000000004]
[8.0761812686920162, 5.8933884000778196, 0.30000000000000004];[8.0901699066162127, 5.877852439880372, 0.30000000000000004]
[8.0901699066162109, 5.8778524398803711, 0.30000000000000004];[9.1250013351440433, 4.0854714584350589, 0.30000000000000004]
[9.1250013351440433, 4.0854714584350589, 0.30000000000000004];[9.1354541778564453, 4.0673666000366211, 0.30000000000000004]
[9.1354541778564453, 4.0673666000366211, 0.30000000000000004];[9.7750158023834217, 2.0989993190765381, 0.30000000000000004]
[9.7750158023834235, 2.0989993190765381, 0.30000000000000004];[9.7814760208129865, 2.0791168212890621, 0.30000000000000004]
[9.7814760208129883, 2.0791168212890625, 0.30000000000000004];[9.9978147602081293, 0.020791168212890732, 0.30000000000000004]
[9.9978147602081293, 0.020791168212890732, 0.30000000000000004];[10.0, 0.0, 0.30000000000000004]
[10.0, 0.0, 0.40000000000000002];[9.7843896738688176, -2.0513952636718749, 0.40000000000000002]
[9.7843896738688159, -2.0513952636718749, 0.40000000000000002];[9.7814760208129883, -2.0791168212890625, 0.40000000000000002]
[9.7814760208129883, -2.0791168212890625, 0.40000000000000002];[9.1440678024292001, -4.0408566029866533, 0.40000000000000002]
[9.1440678024291984, -4.0408566029866542, 0.40000000000000002];[9.1354541778564471, -4.0673666000366211, 0.40000000000000002]
[9.1354541778564453, -4.0673666000366211, 0.40000000000000002];[8.1041070302327469, -5.8537126286824543, 0.40000000000000002]
[8.1041070302327469, -5.8537126286824543, 0.40000000000000002];[8.0901699066162109, -5.8778524398803702, 0.40000000000000002]
[8.0901699066162109, -5.8778524398803711, 0.40000000000000002];[6.7099576314290381, -7.4107338460286476, 0.40000000000000002]
[6.7099576314290363, -7.4107338460286458, 0.40000000000000002];[6.6913061141967765, -7.4314484596252433, 0.40000000000000002]
[6.6913061141967773, -7.4314484596252441, 0.40000000000000002];[5.022550748189289, -8.6438703982035303, 0.40000000000000002]
[5.0225507481892908, -8.6438703982035321, 0.40000000000000002];[5.0, -8.6602544784545916, 0.40000000000000002]
[5.0, -8.6602544784545898, 0.40000000000000002];[3.1156343078613271, -9.4992273330688466, 0.40000000000000002]
[3.115634307861328, -9.4992273330688484, 0.40000000000000002];[3.0901699066162105, -9.5105648040771467, 0.40000000000000002]
[3.0901699066162109, -9.5105648040771484, 0.40000000000000002];[1.072549764315287, -9.9394236501057946, 0.40000000000000002]
[1.0725498835245766, -9.9394236501057946, 0.40000000000000002];[1.0452846288681026, -9.9452190399169922, 0.40000000000000002]
[1.045284628868103, -9.9452190399169922, 0.40000000000000002];[-1.0174103720982872, -9.9452190399169922, 0.40000000000000002]
[-1.0174103720982872, -9.9452190399169922, 0.40000000000000002];[-1.045284628868103, -9.9452190399169922, 0.40000000000000002]
[-1.045284628868103, -9.9452190399169922, 0.40000000000000002];[-3.0629047711690269, -9.516360193888346, 0.40000000000000002]
[-3.0629046519597374, -9.516360193888346, 0.40000000000000002];[-3.0901699066162109, -9.5105648040771467, 0.40000000000000002]
[-3.0901699066162109, -9.5105648040771484, 0.40000000000000002];[-4.9745355987548825, -8.6715919494628899, 0.40000000000000002]
[-4.9745355987548834, -8.6715919494628899, 0.40000000000000002];[-5.0000000000000009, -8.6602544784545934, 0.40000000000000002]
[-5.0, -8.6602544784545898, 0.40000000000000002];[-6.6687553660074865, -7.4478325398763001, 0.40000000000000002]
[-6.6687553660074865, -7.4478325398763019, 0.40000000000000002];[-6.6913061141967773, -7.4314484596252441, 0.40000000000000002]
[-6.6913061141967773, -7.4314484596252441, 0.40000000000000002];[-8.0715183893839537, -5.8985670534769712, 0.40000000000000002]
[-8.0715183893839519, -5.8985670534769694, 0.40000000000000002];[-8.0901699066162109, -5.8778524398803702, 0.40000000000000002]
[-8.0901699066162109, -5.8778524398803711, 0.40000000000000002];[-9.1215170542399111, -4.0915064112345387, 0.40000000000000002]
[-9.1215170542399093, -4.0915064112345378, 0.40000000000000002];[-9.1354541778564471, -4.0673666000366211, 0.40000000000000002]
[-9.1354541778564453, -4.0673666000366211, 0.40000000000000002];[-9.772862396240237, -2.1056268183390308, 0.40000000000000002]
[-9.7728623962402352, -2.1056268183390299, 0.40000000000000002];[-9.7814760208129883, -2.0791168212890629, 0.40000000000000002]
[-9.7814760208129883, -2.0791168212890625, 0.40000000000000002];[-9.9970863469441724, -0.02772155761718853, 0.40000000000000002]
[-9.9970863469441724, -0.027721557617187642, 0.40000000000000002];[-9.9999999999999982, -1.1102230246251565e-15, 0.40000000000000002]
[-10.0, -1.2246467996456087e-15, 0.40000000000000002];[-9.7843896738688176, 2.0513952636718753, 0.40000000000000002]
[-9.7843896738688159, 2.0513952636718735, 0.40000000000000002];[-9.7814760208129883, 2.0791168212890625, 0.40000000000000002]
[-9.7814760208129883, 2.0791168212890625, 0.40000000000000002];[-9.1440678024292001, 4.0408566029866533, 0.40000000000000002]
[-9.1440678024291984, 4.0408566029866542, 0.40000000000000002];[-9.1354541778564471, 4.0673666000366211, 0.40000000000000002]
[-9.1354541778564453, 4.0673666000366211, 0.40000000000000002];[-8.1041070302327469, 5.8537126286824543, 0.40000000000000002]
[-8.1041070302327469, 5.8537126286824543, 0.40000000000000002];[-8.0901699066162109, 5.8778524398803702, 0.40000000000000002]
[-8.0901699066162109, 5.8778524398803711, 0.40000000000000002];[-6.7099576314290381, 7.4107338460286476, 0.40000000000000002]
[-6.7099576314290363, 7.4107338460286458, 0.40000000000000002];[-6.6913061141967765, 7.4314484596252433, 0.40000000000000002]
[-6.6913061141967773, 7.4314484596252441, 0.40000000000000002];[-5.022550748189289, 8.6438703982035303, 0.40000000000000002]
[-5.0225507481892908, 8.6438703982035321, 0.40000000000000002];[-5.0, 8.6602544784545916, 0.40000000000000002]
[-5.0, 8.6602544784545898, 0.40000000000000002];[-3.1156343078613271, 9.4992273330688466, 0.40000000000000002]
[-3.115634307861328, 9.4992273330688484, 0.40000000000000002];[-3.0901699066162105, 9.5105648040771467, 0.40000000000000002]
[-3.0901699066162109, 9.5105648040771484, 0.40000000000000002];[-1.072549764315287, 9.9394236501057946, 0.40000000000000002]
[-1.0725498835245766, 9.9394236501057946, 0.40000000000000002];[-1.0452846288681026, 9.9452190399169922, 0.40000000000000002]
[-1.045284628868103, 9.9452190399169922, 0.40000000000000002];[1.0174103720982872, 9.9452190399169922, 0.40000000000000002]
[1.0174103720982872, 9.9452190399169922, 0.40000000000000002];[1.045284628868103, 9.9452190399169922, 0.40000000000000002]
[1.045284628868103, 9.9452190399169922, 0.40000000000000002];[3.0629047711690269, 9.516360193888346, 0.40000000000000002]
[3.0629046519597374, 9.516360193888346, 0.40000000000000002];[3.0901699066162109, 9.5105648040771467, 0.40000000000000002]
[3.0901699066162109, 9.5105648040771484, 0.40000000000000002];[4.9745355987548825, 8.6715919494628899, 0.40000000000000002]
[4.9745355987548834, 8.6715919494628899, 0.40000000000000002];[5.0000000000000009, 8.6602544784545934, 0.40000000000000002]
[5.0, 8.6602544784545898, 0.40000000000000002];[6.6687553660074865, 7.4478325398763001, 0.40000000000000002]
[6.6687553660074865, 7.4478325398763019, 0.40000000000000002];[6.6913061141967773, 7.4314484596252441, 0.40000000000000002]
[6.6913061141967773, 7.4314484596252441, 0.40000000000000002];[8.0715183893839537, 5.8985670534769712, 0.40000000000000002]
[8.0715183893839519, 5.8985670534769694, 0.40000000000000002];[8.0901699066162109, 5.8778524398803702, 0.40000000000000002]
[8.0901699066162109, 5.8778524398803711, 0.40000000000000002];[9.1215170542399111, 4.0915064112345387, 0.40000000000000002]
[9.1215170542399093, 4.0915064112345378, 0.40000000000000002];[9.1354541778564471, 4.0673666000366211, 0.40000000000000002]
[9.1354541778564453, 4.0673666000366211, 0.40000000000000002];[9.772862396240237, 2.1056268183390308, 0.40000000000000002]
[9.7728623962402352, 2.1056268183390299, 0.40000000000000002];[9.7814760208129883, 2.0791168212890629, 0.40000000000000002]
[9.7814760208129883, 2.0791168212890625, 0.40000000000000002];[9.9970863469441724, 0.027721557617187642, 0.40000000000000002]
[9.9970863469441724, 0.027721557617187642, 0.40000000000000002];[10.0, -2.2204460492503131e-16, 0.40000000000000002]
[10.0, 0.0, 0.5];[9.785118087132771, -2.0444648742675779, 0.5]
[9.785118087132771, -2.0444648742675779, 0.5];[9.7814760208129901, -2.0791168212890629, 0.5]
[9.7814760208129883, -2.0791168212890625, 0.5];[9.1462212085723884, -4.0342291037241615, 0.5]
[9.1462212085723884, -4.0342291037241615, 0.5];[9.1354541778564471, -4.067366600036622, 0.5]
[9.1354541778564453, -4.0673666000366211, 0.5];[8.1075913111368809, -5.8476776758829754, 0.5]
[8.1075913111368809, -5.8476776758829754, 0.5];[8.0901699066162109, -5.8778524398803711, 0.5]
[8.0901699066162109, -5.8778524398803711, 0.5];[6.7146205107370998, -7.4055551926294951, 0.5]
[6.7146205107371015, -7.405555192629496, 0.5];[6.6913061141967747, -7.4314484596252415, 0.5]
[6.6913061141967773, -7.4314484596252441, 0.5];[5.0281884352366122, -8.6397743781407677, 0.5]
[5.0281884352366131, -8.6397743781407677, 0.5];[4.9999999999999991, -8.6602544784545898, 0.5]
[5.0, -8.6602544784545898, 0.5];[3.1220004081726076, -9.4963929653167725, 0.5]
[3.1220004081726076, -9.4963929653167725, 0.5];[3.09016990661621, -9.5105648040771449, 0.5]
[3.0901699066162109, -9.5105648040771484, 0.5];[1.0793660481770826, -9.9379748026529953, 0.5]
[1.079366167386373, -9.9379748026529953, 0.5];[1.045284628868103, -9.9452190399169922, 0.5]
[1.045284628868103, -9.9452190399169922, 0.5];[-1.010441807905833, -9.9452190399169922, 0.5]
[-1.0104418079058326, -9.9452190399169922, 0.5];[-1.045284628868103, -9.9452190399169922, 0.5]
[-1.045284628868103, -9.9452190399169922, 0.5];[-3.0560884873072305, -9.5178090413411454, 0.5]
[-3.0560883680979409, -9.5178090413411454, 0.5];[-3.0901699066162109, -9.5105648040771484, 0.5]
[-3.0901699066162109, -9.5105648040771484, 0.5];[-4.9681694984436033, -8.6744263172149658, 0.5]
[-4.9681694984436033, -8.6744263172149658, 0.5];[-4.9999999999999991, -8.6602544784545881, 0.5]
[-5.0, -8.6602544784545898, 0.5];[-6.6631176789601643, -7.4519285599390654, 0.5]
[-6.6631176789601643, -7.4519285599390663, 0.5];[-6.6913061141967765, -7.4314484596252433, 0.5]
[-6.6913061141967773, -7.4314484596252441, 0.5];[-8.0668555100758876, -5.9037457068761174, 0.5]
[-8.0668555100758876, -5.9037457068761192, 0.5];[-8.0901699066162092, -5.8778524398803702, 0.5]
[-8.0901699066162109, -5.8778524398803711, 0.5];[-9.1180327733357771, -4.0975413640340177, 0.5]
[-9.1180327733357753, -4.0975413640340168, 0.5];[-9.1354541778564453, -4.067366600036622, 0.5]
[-9.1354541778564453, -4.0673666000366211, 0.5];[-9.7707089900970452, -2.1122543176015216, 0.5]
[-9.7707089900970452, -2.112254317601522, 0.5];[-9.7814760208129901, -2.0791168212890634, 0.5]
[-9.7814760208129883, -2.0791168212890625, 0.5];[-9.9963579336802155, -0.034651947021485219, 0.5]
[-9.9963579336802173, -0.034651947021484553, 0.5];[-10.0, -1.3322676295501878e-15, 0.5]
[-10.0, -1.2246467996456087e-15, 0.5];[-9.7851180871327692, 2.0444648742675779, 0.5]
[-9.785118087132771, 2.0444648742675766, 0.5];[-9.7814760208129901, 2.0791168212890629, 0.5]
[-9.7814760208129883, 2.0791168212890625, 0.5];[-9.1462212085723884, 4.0342291037241615, 0.5]
[-9.1462212085723884, 4.0342291037241615, 0.5];[-9.1354541778564471, 4.067366600036622, 0.5]
[-9.1354541778564453, 4.0673666000366211, 0.5];[-8.1075913111368809, 5.8476776758829754, 0.5]
[-8.1075913111368809, 5.8476776758829754, 0.5];[-8.0901699066162109, 5.8778524398803711, 0.5]
[-8.0901699066162109, 5.8778524398803711, 0.5];[-6.7146205107370998, 7.4055551926294951, 0.5]
[-6.7146205107371015, 7.405555192629496, 0.5];[-6.6913061141967747, 7.4314484596252415, 0.5]
[-6.6913061141967773, 7.4314484596252441, 0.5];[-5.0281884352366122, 8.6397743781407677, 0.5]
[-5.0281884352366131, 8.6397743781407677, 0.5];[-4.9999999999999991, 8.6602544784545898, 0.5]
[-5.0, 8.6602544784545898, 0.5];[-3.1220004081726076, 9.4963929653167725, 0.5]
[-3.1220004081726076, 9.4963929653167725, 0.5];[-3.09016990661621, 9.5105648040771449, 0.5]
[-3.0901699066162109, 9.5105648040771484, 0.5];[-1.0793660481770826, 9.9379748026529953, 0.5]
[-1.079366167386373, 9.9379748026529953, 0.5];[-1.045284628868103, 9.9452190399169922, 0.5]
[-1.045284628868103, 9.9452190399169922, 0.5];[1.010441807905833, 9.9452190399169922, 0.5]
[1.0104418079058326, 9.9452190399169922, 0.5];[1.045284628868103, 9.9452190399169922, 0.5]
[1.045284628868103, 9.9452190399169922, 0.5];[3.0560884873072305, 9.5178090413411454, 0.5]
[3.0560883680979409, 9.5178090413411454, 0.5];[3.0901699066162109, 9.5105648040771484, 0.5]
[3.0901699066162109, 9.5105648040771484, 0.5];[4.9681694984436033, 8.6744263172149658, 0.5]
[4.9681694984436033, 8.6744263172149658, 0.5];[4.9999999999999991, 8.6602544784545881, 0.5]
[5.0, 8.6602544784545898, 0.5];[6.6631176789601643, 7.4519285599390654, 0.5]
[6.6631176789601643, 7.4519285599390663, 0.5];[6.6913061141967765, 7.4314484596252433, 0.5]
[6.6913061141967773, 7.4314484596252441, 0.5];[8.0668555100758876, 5.9037457068761174, 0.5]
[8.0668555100758876, 5.9037457068761192, 0.5];[8.0901699066162092, 5.8778524398803702, 0.5]
[8.0901699066162109, 5.8778524398803711, 0.5];[9.1180327733357771, 4.0975413640340177, 0.5]
[9.1180327733357753, 4.0975413640340168, 0.5];[9.1354541778564453, 4.067366600036622, 0.5]
[9.1354541778564453, 4.0673666000366211, 0.5];[9.7707089900970452, 2.1122543176015216, 0.5]
[9.7707089900970452, 2.112254317601522, 0.5];[9.7814760208129901, 2.0791168212890634, 0.5]
[9.7814760208129883, 2.0791168212890625, 0.5];[9.9963579336802155, 0.034651947021484331, 0.5]
[9.9963579336802173, 0.034651947021484553, 0.5];[10.000000000000002, 2.2204460492503131e-16, 0.5]
[10.0, 0.0, 0.60000000000000009];[9.7858465003967261, -2.037534484863281, 0.60000000000000009]
[9.7858465003967279, -2.037534484863281, 0.60000000000000009];[9.7814760208129883, -2.0791168212890629, 0.60000000000000009]
[9.7814760208129883, -2.0791168212890625, 0.60000000000000009];[9.1483746147155767, -4.0276016044616698, 0.60000000000000009]
[9.1483746147155767, -4.0276016044616698, 0.60000000000000009];[9.1354541778564453, -4.0673666000366211, 0.60000000000000009]
[9.1354541778564453, -4.0673666000366211, 0.60000000000000009];[8.1110755920410149, -5.8416427230834973, 0.60000000000000009]
[8.1110755920410149, -5.8416427230834955, 0.60000000000000009];[8.0901699066162127, -5.8778524398803711, 0.60000000000000009]
[8.0901699066162109, -5.8778524398803711, 0.60000000000000009];[6.7192833900451676, -7.400376539230348, 0.60000000000000009]
[6.7192833900451658, -7.4003765392303471, 0.60000000000000009];[6.6913061141967765, -7.4314484596252433, 0.60000000000000009]
[6.6913061141967773, -7.4314484596252441, 0.60000000000000009];[5.0338261222839362, -8.6356783580780032, 0.60000000000000009]
[5.0338261222839353, -8.6356783580780032, 0.60000000000000009];[5.0, -8.6602544784545916, 0.60000000000000009]
[5.0, -8.6602544784545898, 0.60000000000000009];[3.1283665084838859, -9.4935585975646966, 0.60000000000000009]
[3.1283665084838868, -9.4935585975646966, 0.60000000000000009];[3.0901699066162105, -9.5105648040771484, 0.60000000000000009]
[3.0901699066162109, -9.5105648040771484, 0.60000000000000009];[1.086182332038879, -9.9365259552001941, 0.60000000000000009]
[1.086182451248169, -9.9365259552001959, 0.60000000000000009];[1.0452846288681032, -9.945219039916994, 0.60000000000000009]
[1.045284628868103, -9.9452190399169922, 0.60000000000000009];[-1.0034732437133789, -9.9452190399169922, 0.60000000000000009]
[-1.0034732437133789, -9.9452190399169922, 0.60000000000000009];[-1.045284628868103, -9.9452190399169922, 0.60000000000000009]
[-1.045284628868103, -9.9452190399169922, 0.60000000000000009];[-3.049272203445434, -9.519257888793943, 0.60000000000000009]
[-3.0492720842361449, -9.5192578887939447, 0.60000000000000009];[-3.0901699066162109, -9.5105648040771484, 0.60000000000000009]
[-3.0901699066162109, -9.5105648040771484, 0.60000000000000009];[-4.9618033981323233, -8.6772606849670417, 0.60000000000000009]
[-4.9618033981323242, -8.6772606849670417, 0.60000000000000009];[-5.0, -8.6602544784545898, 0.60000000000000009]
[-5.0, -8.6602544784545898, 0.60000000000000009];[-6.657479991912842, -7.4560245800018317, 0.60000000000000009]
[-6.657479991912842, -7.4560245800018308, 0.60000000000000009];[-6.6913061141967782, -7.4314484596252459, 0.60000000000000009]
[-6.6913061141967773, -7.4314484596252441, 0.60000000000000009];[-8.0621926307678216, -5.908924360275269, 0.60000000000000009]
[-8.0621926307678216, -5.9089243602752681, 0.60000000000000009];[-8.0901699066162127, -5.8778524398803729, 0.60000000000000009]
[-8.0901699066162109, -5.8778524398803711, 0.60000000000000009];[-9.1145484924316413, -4.1035763168334967, 0.60000000000000009]
[-9.1145484924316413, -4.1035763168334967, 0.60000000000000009];[-9.1354541778564453, -4.0673666000366211, 0.60000000000000009]
[-9.1354541778564453, -4.0673666000366211, 0.60000000000000009];[-9.7685555839538587, -2.1188818168640138, 0.60000000000000009]
[-9.7685555839538569, -2.1188818168640138, 0.60000000000000009];[-9.7814760208129883, -2.0791168212890629, 0.60000000000000009]
[-9.7814760208129883, -2.0791168212890625, 0.60000000000000009];[-9.9956295204162586, -0.041582336425782018, 0.60000000000000009]
[-9.9956295204162604, -0.041582336425781463, 0.60000000000000009];[-10.0, -1.3322676295501878e-15, 0.60000000000000009]
[-10.0, -1.2246467996456087e-15, 0.60000000000000009];[-9.7858465003967261, 2.037534484863281, 0.60000000000000009]
[-9.7858465003967279, 2.0375344848632797, 0.60000000000000009];[-9.7814760208129883, 2.0791168212890625, 0.60000000000000009]
[-9.7814760208129883, 2.0791168212890625, 0.60000000000000009];[-9.1483746147155767, 4.0276016044616698, 0.60000000000000009]
[-9.1483746147155767, 4.0276016044616698, 0.60000000000000009];[-9.1354541778564453, 4.0673666000366211, 0.60000000000000009]
[-9.1354541778564453, 4.0673666000366211, 0.60000000000000009];[-8.1110755920410149, 5.8416427230834973, 0.60000000000000009]
[-8.1110755920410149, 5.8416427230834955, 0.60000000000000009];[-8.0901699066162127, 5.8778524398803711, 0.60000000000000009]
[-8.0901699066162109, 5.8778524398803711, 0.60000000000000009];[-6.7192833900451676, 7.400376539230348, 0.60000000000000009]
[-6.7192833900451658, 7.4003765392303471, 0.60000000000000009];[-6.6913061141967765, 7.4314484596252433, 0.60000000000000009]
[-6.6913061141967773, 7.4314484596252441, 0.60000000000000009];[-5.0338261222839362, 8.6356783580780032, 0.60000000000000009]
[-5.0338261222839353, 8.6356783580780032, 0.60000000000000009];[-5.0, 8.6602544784545916, 0.60000000000000009]
[-5.0, 8.6602544784545898, 0.60000000000000009];[-3.1283665084838859, 9.4935585975646966, 0.60000000000000009]
[-3.1283665084838868, 9.4935585975646966, 0.60000000000000009];[-3.0901699066162105, 9.5105648040771484, 0.60000000000000009]
[-3.0901699066162109, 9.5105648040771484, 0.60000000000000009];[-1.086182332038879, 9.9365259552001941, 0.60000000000000009]
[-1.086182451248169, 9.9365259552001959, 0.60000000000000009];[-1.0452846288681032, 9.945219039916994, 0.60000000000000009]
[-1.045284628868103, 9.9452190399169922, 0.60000000000000009];[1.0034732437133789, 9.9452190399169922, 0.60000000000000009]
[1.0034732437133789, 9.9452190399169922, 0.60000000000000009];[1.045284628868103, 9.9452190399169922, 0.60000000000000009]
[1.045284628868103, 9.9452190399169922, 0.60000000000000009];[3.049272203445434, 9.519257888793943, 0.60000000000000009]
[3.0492720842361449, 9.5192578887939447, 0.60000000000000009];[3.0901699066162109, 9.5105648040771484, 0.60000000000000009]
[3.0901699066162109, 9.5105648040771484, 0.60000000000000009];[4.9618033981323233, 8.6772606849670417, 0.60000000000000009]
[4.9618033981323242, 8.6772606849670417, 0.60000000000000009];[5.0, 8.6602544784545898, 0.60000000000000009]
[5.0, 8.6602544784545898, 0.60000000000000009];[6.657479991912842, 7.4560245800018317, 0.60000000000000009]
[6.657479991912842, 7.4560245800018308, 0.60000000000000009];[6.6913061141967782, 7.4314484596252459, 0.60000000000000009]
[6.6913061141967773, 7.4314484596252441, 0.60000000000000009];[8.0621926307678216, 5.908924360275269, 0.60000000000000009]
[8.0621926307678216, 5.9089243602752681, 0.60000000000000009];[8.0901699066162127, 5.8778524398803729, 0.60000000000000009]
[8.0901699066162109, 5.8778524398803711, 0.60000000000000009];[9.1145484924316413, 4.1035763168334967, 0.60000000000000009]
[9.1145484924316413, 4.1035763168334967, 0.60000000000000009];[9.1354541778564453, 4.0673666000366211, 0.60000000000000009]
[9.1354541778564453, 4.0673666000366211, 0.60000000000000009];[9.7685555839538587, 2.1188818168640138, 0.60000000000000009]
[9.7685555839538569, 2.1188818168640138, 0.60000000000000009];[9.7814760208129883, 2.0791168212890629, 0.60000000000000009]
[9.7814760208129883, 2.0791168212890625, 0.60000000000000009];[9.9956295204162586, 0.04158233642578113, 0.60000000000000009]
[9.9956295204162604, 0.041582336425781463, 0.60000000000000009];[10.000000000000002, -2.2204460492503131e-16, 0.60000000000000009]
[10.0, 0.0, 0.70000000000000007];[9.786574913660683, -2.0306040954589846, 0.70000000000000007]
[9.7865749136606848, -2.0306040954589846, 0.70000000000000007];[9.7814760208129901, -2.0791168212890634, 0.70000000000000007]
[9.7814760208129883, -2.0791168212890625, 0.70000000000000007];[9.1505280208587649, -4.0209741051991781, 0.70000000000000007]
[9.1505280208587649, -4.0209741051991781, 0.70000000000000007];[9.1354541778564418, -4.0673666000366193, 0.70000000000000007]
[9.1354541778564453, -4.0673666000366211, 0.70000000000000007];[8.1145598729451507, -5.8356077702840174, 0.70000000000000007]
[8.1145598729451507, -5.8356077702840174, 0.70000000000000007];[8.0901699066162109, -5.8778524398803711, 0.70000000000000007]
[8.0901699066162109, -5.8778524398803711, 0.70000000000000007];[6.7239462693532293, -7.3951978858311964, 0.70000000000000007]
[6.723946269353231, -7.3951978858311973, 0.70000000000000007];[6.6913061141967765, -7.431448459625245, 0.70000000000000007]
[6.6913061141967773, -7.4314484596252441, 0.70000000000000007];[5.0394638093312576, -8.6315823380152388, 0.70000000000000007]
[5.0394638093312576, -8.6315823380152388, 0.70000000000000007];[5.0, -8.6602544784545898, 0.70000000000000007]
[5.0, -8.6602544784545898, 0.70000000000000007];[3.1347326087951659, -9.4907242298126224, 0.70000000000000007]
[3.1347326087951659, -9.4907242298126224, 0.70000000000000007];[3.0901699066162114, -9.5105648040771484, 0.70000000000000007]
[3.0901699066162109, -9.5105648040771484, 0.70000000000000007];[1.0929986159006748, -9.9350771077473947, 0.70000000000000007]
[1.092998735109965, -9.9350771077473965, 0.70000000000000007];[1.045284628868103, -9.9452190399169922, 0.70000000000000007]
[1.045284628868103, -9.9452190399169922, 0.70000000000000007];[-0.9965046795209247, -9.9452190399169922, 0.70000000000000007]
[-0.99650467952092514, -9.9452190399169922, 0.70000000000000007];[-1.045284628868103, -9.9452190399169922, 0.70000000000000007]
[-1.045284628868103, -9.9452190399169922, 0.70000000000000007];[-3.042455919583638, -9.5207067362467424, 0.70000000000000007]
[-3.0424558003743489, -9.5207067362467441, 0.70000000000000007];[-3.0901699066162105, -9.5105648040771484, 0.70000000000000007]
[-3.0901699066162109, -9.5105648040771484, 0.70000000000000007];[-4.9554372978210459, -8.6800950527191176, 0.70000000000000007]
[-4.955437297821045, -8.6800950527191159, 0.70000000000000007];[-5.0, -8.6602544784545916, 0.70000000000000007]
[-5.0, -8.6602544784545898, 0.70000000000000007];[-6.651842304865518, -7.4601206000645934, 0.70000000000000007]
[-6.6518423048655198, -7.4601206000645952, 0.70000000000000007];[-6.6913061141967765, -7.4314484596252433, 0.70000000000000007]
[-6.6913061141967773, -7.4314484596252441, 0.70000000000000007];[-8.0575297514597555, -5.914103013674417, 0.70000000000000007]
[-8.0575297514597573, -5.9141030136744179, 0.70000000000000007];[-8.0901699066162127, -5.8778524398803711, 0.70000000000000007]
[-8.0901699066162109, -5.8778524398803711, 0.70000000000000007];[-9.1110642115275073, -4.1096112696329765, 0.70000000000000007]
[-9.1110642115275056, -4.1096112696329747, 0.70000000000000007];[-9.1354541778564453, -4.0673666000366211, 0.70000000000000007]
[-9.1354541778564453, -4.0673666000366211, 0.70000000000000007];[-9.7664021778106669, -2.1255093161265046, 0.70000000000000007]
[-9.7664021778106687, -2.1255093161265055, 0.70000000000000007];[-9.7814760208129865, -2.0791168212890621, 0.70000000000000007]
[-9.7814760208129883, -2.0791168212890625, 0.70000000000000007];[-9.9949011071523017, -0.048512725830078818, 0.70000000000000007]
[-9.9949011071523035, -0.04851272583007793, 0.70000000000000007];[-10.0, -1.1102230246251565e-15, 0.70000000000000007]
[-10.0, -1.2246467996456087e-15, 0.70000000000000007];[-9.786574913660683, 2.030604095458985, 0.70000000000000007]
[-9.7865749136606848, 2.0306040954589832, 0.70000000000000007];[-9.7814760208129901, 2.0791168212890629, 0.70000000000000007]
[-9.7814760208129883, 2.0791168212890625, 0.70000000000000007];[-9.1505280208587649, 4.0209741051991781, 0.70000000000000007]
[-9.1505280208587649, 4.0209741051991781, 0.70000000000000007];[-9.1354541778564418, 4.0673666000366193, 0.70000000000000007]
[-9.1354541778564453, 4.0673666000366211, 0.70000000000000007];[-8.1145598729451507, 5.8356077702840174, 0.70000000000000007]
[-8.1145598729451507, 5.8356077702840174, 0.70000000000000007];[-8.0901699066162109, 5.8778524398803711, 0.70000000000000007]
[-8.0901699066162109, 5.8778524398803711, 0.70000000000000007];[-6.7239462693532293, 7.3951978858311964, 0.70000000000000007]
[-6.723946269353231, 7.3951978858311973, 0.70000000000000007];[-6.6913061141967765, 7.431448459625245, 0.70000000000000007]
[-6.6913061141967773, 7.4314484596252441, 0.70000000000000007];[-5.0394638093312576, 8.6315823380152388, 0.70000000000000007]
[-5.0394638093312576, 8.6315823380152388, 0.70000000000000007];[-5.0, 8.6602544784545898, 0.70000000000000007]
[-5.0, 8.6602544784545898, 0.70000000000000007];[-3.1347326087951659, 9.4907242298126224, 0.70000000000000007]
[-3.1347326087951659, 9.4907242298126224, 0.70000000000000007];[-3.0901699066162114, 9.5105648040771484, 0.70000000000000007]
[-3.0901699066162109, 9.5105648040771484, 0.70000000000000007];[-1.0929986159006748, 9.9350771077473947, 0.70000000000000007]
[-1.092998735109965, 9.9350771077473965, 0.70000000000000007];[-1.045284628868103, 9.9452190399169922, 0.70000000000000007]
[-1.045284628868103, 9.9452190399169922, 0.70000000000000007];[0.9965046795209247, 9.9452190399169922, 0.70000000000000007]
[0.99650467952092514, 9.9452190399169922, 0.70000000000000007];[1.045284628868103, 9.9452190399169922, 0.70000000000000007]
[1.045284628868103, 9.9452190399169922, 0.70000000000000007];[3.042455919583638, 9.5207067362467424, 0.70000000000000007]
[3.0424558003743489, 9.5207067362467441, 0.70000000000000007];[3.0901699066162105, 9.5105648040771484, 0.70000000000000007]
[3.0901699066162109, 9.5105648040771484, 0.70000000000000007];[4.9554372978210459, 8.6800950527191176, 0.70000000000000007]
[4.955437297821045, 8.6800950527191159, 0.70000000000000007];[5.0, 8.6602544784545916, 0.70000000000000007]
[5.0, 8.6602544784545898, 0.70000000000000007];[6.651842304865518, 7.4601206000645934, 0.70000000000000007]
[6.6518423048655198, 7.4601206000645952, 0.70000000000000007];[6.6913061141967765, 7.4314484596252433, 0.70000000000000007]
[6.6913061141967773, 7.4314484596252441, 0.70000000000000007];[8.0575297514597555, 5.914103013674417, 0.70000000000000007]
[8.0575297514597573, 5.9141030136744179, 0.70000000000000007];[8.0901699066162127, 5.8778524398803711, 0.70000000000000007]
[8.0901699066162109, 5.8778524398803711, 0.70000000000000007];[9.1110642115275073, 4.1096112696329765, 0.70000000000000007]
[9.1110642115275056, 4.1096112696329747, 0.70000000000000007];[9.1354541778564453, 4.0673666000366211, 0.70000000000000007]
[9.1354541778564453, 4.0673666000366211, 0.70000000000000007];[9.7664021778106669, 2.1255093161265046, 0.70000000000000007]
[9.7664021778106687, 2.1255093161265055, 0.70000000000000007];[9.7814760208129865, 2.0791168212890621, 0.70000000000000007]
[9.7814760208129883, 2.0791168212890625, 0.70000000000000007];[9.9949011071523017, 0.048512725830077486, 0.70000000000000007]
[9.9949011071523035, 0.04851272583007793, 0.70000000000000007];[10.000000000000002, 0.0, 0.70000000000000007]
[10.0, 0.0, 0.80000000000000004];[9.7873033269246434, -2.0236737060546877, 0.80000000000000004]
[9.7873033269246417, -2.0236737060546872, 0.80000000000000004];[9.7814760208129901, -2.0791168212890629, 0.80000000000000004]
[9.7814760208129883, -2.0791168212890625, 0.80000000000000004];[9.152681427001955, -4.0143466059366864, 0.80000000000000004]
[9.1526814270019532, -4.0143466059366864, 0.80000000000000004];[9.1354541778564435, -4.0673666000366211, 0.80000000000000004]
[9.1354541778564453, -4.0673666000366211, 0.80000000000000004];[8.1180441538492829, -5.8295728174845376, 0.80000000000000004]
[8.1180441538492847, -5.8295728174845376, 0.80000000000000004];[8.0901699066162109, -5.877852439880372, 0.80000000000000004]
[8.0901699066162109, -5.8778524398803711, 0.80000000000000004];[6.7286091486612953, -7.3900192324320466, 0.80000000000000004]
[6.7286091486612953, -7.3900192324320475, 0.80000000000000004];[6.6913061141967765, -7.4314484596252441, 0.80000000000000004]
[6.6913061141967773, -7.4314484596252441, 0.80000000000000004];[5.0451014963785799, -8.6274863179524743, 0.80000000000000004]
[5.0451014963785807, -8.6274863179524743, 0.80000000000000004];[4.9999999999999991, -8.6602544784545898, 0.80000000000000004]
[5.0, -8.6602544784545898, 0.80000000000000004];[3.1410987091064451, -9.4878898620605465, 0.80000000000000004]
[3.1410987091064455, -9.4878898620605465, 0.80000000000000004];[3.09016990661621, -9.5105648040771467, 0.80000000000000004]
[3.0901699066162109, -9.5105648040771484, 0.80000000000000004];[1.0998148997624719, -9.9336282602945989, 0.80000000000000004]
[1.0998150189717613, -9.9336282602945971, 0.80000000000000004];[1.0452846288681032, -9.945219039916994, 0.80000000000000004]
[1.045284628868103, -9.9452190399169922, 0.80000000000000004];[-0.98953611532847097, -9.9452190399169922, 0.80000000000000004]
[-0.98953611532847052, -9.9452190399169922, 0.80000000000000004];[-1.045284628868103, -9.9452190399169922, 0.80000000000000004]
[-1.045284628868103, -9.9452190399169922, 0.80000000000000004];[-3.0356396357218429, -9.5221555836995471, 0.80000000000000004]
[-3.0356395165125525, -9.5221555836995435, 0.80000000000000004];[-3.0901699066162109, -9.5105648040771484, 0.80000000000000004]
[-3.0901699066162109, -9.5105648040771484, 0.80000000000000004];[-4.949071197509765, -8.6829294204711918, 0.80000000000000004]
[-4.949071197509765, -8.6829294204711918, 0.80000000000000004];[-4.9999999999999991, -8.6602544784545898, 0.80000000000000004]
[-5.0, -8.6602544784545898, 0.80000000000000004];[-6.6462046178181966, -7.4642166201273588, 0.80000000000000004]
[-6.6462046178181966, -7.4642166201273596, 0.80000000000000004];[-6.6913061141967756, -7.4314484596252433, 0.80000000000000004]
[-6.6913061141967773, -7.4314484596252441, 0.80000000000000004];[-8.0528668721516929, -5.9192816670735668, 0.80000000000000004]
[-8.0528668721516929, -5.9192816670735677, 0.80000000000000004];[-8.0901699066162109, -5.8778524398803702, 0.80000000000000004]
[-8.0901699066162109, -5.8778524398803711, 0.80000000000000004];[-9.1075799306233716, -4.1156462224324537, 0.80000000000000004]
[-9.1075799306233716, -4.1156462224324546, 0.80000000000000004];[-9.1354541778564471, -4.067366600036622, 0.80000000000000004]
[-9.1354541778564453, -4.0673666000366211, 0.80000000000000004];[-9.7642487716674822, -2.1321368153889981, 0.80000000000000004]
[-9.7642487716674804, -2.1321368153889972, 0.80000000000000004];[-9.7814760208129865, -2.0791168212890616, 0.80000000000000004]
[-9.7814760208129883, -2.0791168212890625, 0.80000000000000004];[-9.9941726938883448, -0.055443115234375728, 0.80000000000000004]
[-9.9941726938883466, -0.055443115234375284, 0.80000000000000004];[-10.000000000000004, -1.3322676295501878e-15, 0.80000000000000004]
[-10.0, -1.2246467996456087e-15, 0.80000000000000004];[-9.7873033269246434, 2.0236737060546877, 0.80000000000000004]
[-9.7873033269246417, 2.0236737060546859, 0.80000000000000004];[-9.7814760208129847, 2.0791168212890616, 0.80000000000000004]
[-9.7814760208129883, 2.0791168212890625, 0.80000000000000004];[-9.152681427001955, 4.0143466059366864, 0.80000000000000004]
[-9.1526814270019532, 4.0143466059366864, 0.80000000000000004];[-9.1354541778564435, 4.0673666000366211, 0.80000000000000004]
[-9.1354541778564453, 4.0673666000366211, 0.80000000000000004];[-8.1180441538492829, 5.8295728174845376, 0.80000000000000004]
[-8.1180441538492847, 5.8295728174845376, 0.80000000000000004];[-8.0901699066162109, 5.877852439880372, 0.80000000000000004]
[-8.0901699066162109, 5.8778524398803711, 0.80000000000000004];[-6.7286091486612953, 7.3900192324320466, 0.80000000000000004]
[-6.7286091486612953, 7.3900192324320475, 0.80000000000000004];[-6.6913061141967765, 7.4314484596252441, 0.80000000000000004]
[-6.6913061141967773, 7.4314484596252441, 0.80000000000000004];[-5.0451014963785799, 8.6274863179524743, 0.80000000000000004]
[-5.0451014963785807, 8.6274863179524743, 0.80000000000000004];[-4.9999999999999991, 8.6602544784545898, 0.80000000000000004]
[-5.0, 8.6602544784545898, 0.80000000000000004];[-3.1410987091064451, 9.4878898620605465, 0.80000000000000004]
[-3.1410987091064455, 9.4878898620605465, 0.80000000000000004];[-3.09016990661621, 9.5105648040771467, 0.80000000000000004]
[-3.0901699066162109, 9.5105648040771484, 0.80000000000000004];[-1.0998148997624719, 9.9336282602945989, 0.80000000000000004]
[-1.0998150189717613, 9.9336282602945971, 0.80000000000000004];[-1.0452846288681032, 9.945219039916994, 0.80000000000000004]
[-1.045284628868103, 9.9452190399169922, 0.80000000000000004];[0.98953611532847097, 9.9452190399169922, 0.80000000000000004]
[0.98953611532847052, 9.9452190399169922, 0.80000000000000004];[1.045284628868103, 9.9452190399169922, 0.80000000000000004]
[1.045284628868103, 9.9452190399169922, 0.80000000000000004];[3.0356396357218429, 9.5221555836995471, 0.80000000000000004]
[3.0356395165125525, 9.5221555836995435, 0.80000000000000004];[3.0901699066162109, 9.5105648040771484, 0.80000000000000004]
[3.0901699066162109, 9.5105648040771484, 0.80000000000000004];[4.949071197509765, 8.6829294204711918, 0.80000000000000004]
[4.949071197509765, 8.6829294204711918, 0.80000000000000004];[4.9999999999999991, 8.6602544784545898, 0.80000000000000004]
[5.0, 8.6602544784545898, 0.80000000000000004];[6.6462046178181966, 7.4642166201273588, 0.80000000000000004]
[6.6462046178181966, 7.4642166201273596, 0.80000000000000004];[6.6913061141967756, 7.4314484596252433, 0.80000000000000004]
[6.6913061141967773, 7.4314484596252441, 0.80000000000000004];[8.0528668721516929, 5.9192816670735668, 0.80000000000000004]
[8.0528668721516929, 5.9192816670735677, 0.80000000000000004];[8.0901699066162109, 5.8778524398803702, 0.80000000000000004]
[8.0901699066162109, 5.8778524398803711, 0.80000000000000004];[9.1075799306233716, 4.1156462224324537, 0.80000000000000004]
[9.1075799306233716, 4.1156462224324546, 0.80000000000000004];[9.1354541778564471, 4.067366600036622, 0.80000000000000004]
[9.1354541778564453, 4.0673666000366211, 0.80000000000000004];[9.7642487716674822, 2.1321368153889981, 0.80000000000000004]
[9.7642487716674804, 2.1321368153889972, 0.80000000000000004];[9.7814760208129865, 2.0791168212890616, 0.80000000000000004]
[9.7814760208129883, 2.0791168212890625, 0.80000000000000004];[9.9941726938883502, 0.055443115234375284, 0.80000000000000004]
[9.9941726938883466, 0.055443115234375284, 0.80000000000000004];[10.000000000000002, 0.0, 0.80000000000000004]
[10.0, 0.0, 0.90000000000000002];[9.7880317401885968, -2.0167433166503907, 0.90000000000000002]
[9.7880317401885986, -2.0167433166503907, 0.90000000000000002];[9.7814760208129918, -2.0791168212890634, 0.90000000000000002]
[9.7814760208129883, -2.0791168212890625, 0.90000000000000002];[9.1548348331451415, -4.0077191066741946, 0.90000000000000002]
[9.1548348331451415, -4.0077191066741946, 0.90000000000000002];[9.1354541778564471, -4.0673666000366211, 0.90000000000000002]
[9.1354541778564453, -4.0673666000366211, 0.90000000000000002];[8.1215284347534169, -5.8235378646850577, 0.90000000000000002]
[8.1215284347534187, -5.8235378646850586, 0.90000000000000002];[8.0901699066162109, -5.877852439880372, 0.90000000000000002]
[8.0901699066162109, -5.8778524398803711, 0.90000000000000002];[6.7332720279693623, -7.3848405790328995, 0.90000000000000002]
[6.7332720279693605, -7.3848405790328986, 0.90000000000000002];[6.6913061141967765, -7.4314484596252424, 0.90000000000000002]
[6.6913061141967773, -7.4314484596252441, 0.90000000000000002];[5.0507391834259021, -8.6233902978897099, 0.90000000000000002]
[5.050739183425903, -8.6233902978897099, 0.90000000000000002];[5.0000000000000018, -8.6602544784545916, 0.90000000000000002]
[5.0, -8.6602544784545898, 0.90000000000000002];[3.1474648094177238, -9.4850554943084706, 0.90000000000000002]
[3.1474648094177242, -9.4850554943084724, 0.90000000000000002];[3.09016990661621, -9.5105648040771484, 0.90000000000000002]
[3.0901699066162109, -9.5105648040771484, 0.90000000000000002];[1.1066311836242673, -9.9321794128417977, 0.90000000000000002]
[1.106631302833557, -9.9321794128417977, 0.90000000000000002];[1.0452846288681028, -9.9452190399169886, 0.90000000000000002]
[1.045284628868103, -9.9452190399169922, 0.90000000000000002];[-0.98256755113601679, -9.9452190399169922, 0.90000000000000002]
[-0.98256755113601724, -9.9452190399169922, 0.90000000000000002];[-1.045284628868103, -9.9452190399169922, 0.90000000000000002]
[-1.045284628868103, -9.9452190399169922, 0.90000000000000002];[-3.0288233518600465, -9.5236044311523447, 0.90000000000000002]
[-3.0288232326507569, -9.5236044311523429, 0.90000000000000002];[-3.0901699066162109, -9.5105648040771467, 0.90000000000000002]
[-3.0901699066162109, -9.5105648040771484, 0.90000000000000002];[-4.9427050971984849, -8.6857637882232623, 0.90000000000000002]
[-4.9427050971984867, -8.6857637882232659, 0.90000000000000002];[-5.0000000000000018, -8.6602544784545898, 0.90000000000000002]
[-5.0, -8.6602544784545898, 0.90000000000000002];[-6.6405669307708743, -7.4683126401901232, 0.90000000000000002]
[-6.6405669307708743, -7.4683126401901241, 0.90000000000000002];[-6.6913061141967782, -7.4314484596252459, 0.90000000000000002]
[-6.6913061141967773, -7.4314484596252441, 0.90000000000000002];[-8.0482039928436304, -5.9244603204727184, 0.90000000000000002]
[-8.0482039928436286, -5.9244603204727166, 0.90000000000000002];[-8.0901699066162109, -5.8778524398803711, 0.90000000000000002]
[-8.0901699066162109, -5.8778524398803711, 0.90000000000000002];[-9.1040956497192358, -4.1216811752319318, 0.90000000000000002]
[-9.1040956497192376, -4.1216811752319336, 0.90000000000000002];[-9.1354541778564471, -4.0673666000366211, 0.90000000000000002]
[-9.1354541778564453, -4.0673666000366211, 0.90000000000000002];[-9.7620953655242921, -2.138764314651489, 0.90000000000000002]
[-9.7620953655242921, -2.138764314651489, 0.90000000000000002];[-9.7814760208129901, -2.0791168212890629, 0.90000000000000002]
[-9.7814760208129883, -2.0791168212890625, 0.90000000000000002];[-9.9934442806243879, -0.062373504638672639, 0.90000000000000002]
[-9.9934442806243897, -0.062373504638671751, 0.90000000000000002];[-10.0, -1.5543122344752192e-15, 0.90000000000000002]
[-10.0, -1.2246467996456087e-15, 0.90000000000000002];[-9.7880317401886003, 2.0167433166503912, 0.90000000000000002]
[-9.7880317401885986, 2.0167433166503894, 0.90000000000000002];[-9.7814760208129901, 2.0791168212890625, 0.90000000000000002]
[-9.7814760208129883, 2.0791168212890625, 0.90000000000000002];[-9.1548348331451415, 4.0077191066741946, 0.90000000000000002]
[-9.1548348331451415, 4.0077191066741946, 0.90000000000000002];[-9.1354541778564471, 4.0673666000366211, 0.90000000000000002]
[-9.1354541778564453, 4.0673666000366211, 0.90000000000000002];[-8.1215284347534169, 5.8235378646850577, 0.90000000000000002]
[-8.1215284347534187, 5.8235378646850586, 0.90000000000000002];[-8.0901699066162109, 5.877852439880372, 0.90000000000000002]
[-8.0901699066162109, 5.8778524398803711, 0.90000000000000002];[-6.7332720279693623, 7.3848405790328995, 0.90000000000000002]
[-6.7332720279693605, 7.3848405790328986, 0.90000000000000002];[-6.6913061141967765, 7.4314484596252424, 0.90000000000000002]
[-6.6913061141967773, 7.4314484596252441, 0.90000000000000002];[-5.0507391834259021, 8.6233902978897099, 0.90000000000000002]
[-5.050739183425903, 8.6233902978897099, 0.90000000000000002];[-5.0000000000000018, 8.6602544784545916, 0.90000000000000002]
[-5.0, 8.6602544784545898, 0.90000000000000002];[-3.1474648094177238, 9.4850554943084706, 0.90000000000000002]
[-3.1474648094177242, 9.4850554943084724, 0.90000000000000002];[-3.09016990661621, 9.5105648040771484, 0.90000000000000002]
[-3.0901699066162109, 9.5105648040771484, 0.90000000000000002];[-1.1066311836242673, 9.9321794128417977, 0.90000000000000002]
[-1.106631302833557, 9.9321794128417977, 0.90000000000000002];[-1.0452846288681028, 9.9452190399169886, 0.90000000000000002]
[-1.045284628868103, 9.9452190399169922, 0.90000000000000002];[0.98256755113601679, 9.9452190399169922, 0.90000000000000002]
[0.98256755113601724, 9.9452190399169922, 0.90000000000000002];[1.045284628868103, 9.9452190399169922, 0.90000000000000002]
[1.045284628868103, 9.9452190399169922, 0.90000000000000002];[3.0288233518600465, 9.5236044311523447, 0.90000000000000002]
[3.0288232326507569, 9.5236044311523429, 0.90000000000000002];[3.0901699066162109, 9.5105648040771467, 0.90000000000000002]
[3.0901699066162109, 9.5105648040771484, 0.90000000000000002];[4.9427050971984849, 8.6857637882232623, 0.90000000000000002]
[4.9427050971984867, 8.6857637882232659, 0.90000000000000002];[5.0000000000000018, 8.6602544784545898, 0.90000000000000002]
[5.0, 8.6602544784545898, 0.90000000000000002];[6.6405669307708743, 7.4683126401901232, 0.90000000000000002]
[6.6405669307708743, 7.4683126401901241, 0.90000000000000002];[6.6913061141967782, 7.4314484596252459, 0.90000000000000002]
[6.6913061141967773, 7.4314484596252441, 0.90000000000000002];[8.0482039928436304, 5.9244603204727184, 0.90000000000000002]
[8.0482039928436286, 5.9244603204727166, 0.90000000000000002];[8.0901699066162109, 5.8778524398803711, 0.90000000000000002]
[8.0901699066162109, 5.8778524398803711, 0.90000000000000002];[9.1040956497192358, 4.1216811752319318, 0.90000000000000002]
[9.1040956497192376, 4.1216811752319336, 0.90000000000000002];[9.1354541778564471, 4.0673666000366211, 0.90000000000000002]
[9.1354541778564453, 4.0673666000366211, 0.90000000000000002];[9.7620953655242921, 2.138764314651489, 0.90000000000000002]
[9.7620953655242921, 2.138764314651489, 0.90000000000000002];[9.7814760208129901, 2.0791168212890629, 0.90000000000000002]
[9.7814760208129883, 2.0791168212890625, 0.90000000000000002];[9.9934442806243879, 0.062373504638671307, 0.90000000000000002]
[9.9934442806243897, 0.062373504638671751, 0.90000000000000002];[10.000000000000004, -2.2204460492503131e-16, 0.90000000000000002]
[10.0, 0.0, 1.0];[9.7887601534525572, -2.0098129272460938, 1.0]
[9.7887601534525555, -2.0098129272460938, 1.0];[9.7814760208129865, -2.0791168212890625, 1.0]
[9.7814760208129883, -2.0791168212890625, 1.0];[9.1569882392883297, -4.0010916074117029, 1.0]
[9.1569882392883297, -4.001091607411702, 1.0];[9.1354541778564453, -4.0673666000366202, 1.0]
[9.1354541778564453, -4.0673666000366211, 1.0];[8.1250127156575545, -5.8175029118855814, 1.0]
[8.1250127156575527, -5.8175029118855797, 1.0];[8.0901699066162109, -5.8778524398803711, 1.0]
[8.0901699066162109, -5.8778524398803711, 1.0];[6.7379349072774257, -7.3796619256337497, 1.0]
[6.7379349072774248, -7.3796619256337479, 1.0];[6.6913061141967756, -7.4314484596252424, 1.0]
[6.6913061141967773, -7.4314484596252441, 1.0];[5.0563768704732235, -8.6192942778269419, 1.0]
[5.0563768704732261, -8.6192942778269455, 1.0];[4.9999999999999991, -8.6602544784545898, 1.0]
[5.0, -8.6602544784545898, 1.0];[3.1538309097290016, -9.4822211265563929, 1.0]
[3.1538309097290038, -9.4822211265563965, 1.0];[3.0901699066162105, -9.5105648040771449, 1.0]
[3.0901699066162109, -9.5105648040771484, 1.0];[1.1134474674860639, -9.9307305653889966, 1.0]
[1.1134475866953533, -9.9307305653889966, 1.0];[1.0452846288681026, -9.9452190399169886, 1.0]
[1.045284628868103, -9.9452190399169922, 1.0];[-0.97559898694356306, -9.9452190399169922, 1.0]
[-0.97559898694356306, -9.9452190399169922, 1.0];[-1.045284628868103, -9.9452190399169922, 1.0]
[-1.045284628868103, -9.9452190399169922, 1.0];[-3.0220070679982505, -9.5250532786051458, 1.0]
[-3.0220069487889605, -9.5250532786051441, 1.0];[-3.0901699066162096, -9.5105648040771431, 1.0]
[-3.0901699066162109, -9.5105648040771484, 1.0];[-4.9363389968872058, -8.6885981559753382, 1.0]
[-4.9363389968872067, -8.6885981559753418, 1.0];[-5.0, -8.6602544784545881, 1.0]
[-5.0, -8.6602544784545898, 1.0];[-6.6349292437235521, -7.4724086602528912, 1.0]
[-6.6349292437235512, -7.4724086602528885, 1.0];[-6.6913061141967765, -7.4314484596252424, 1.0]
[-6.6913061141967773, -7.4314484596252441, 1.0];[-8.0435411135355626, -5.9296389738718673, 1.0]
[-8.0435411135355626, -5.9296389738718673, 1.0];[-8.0901699066162092, -5.8778524398803693, 1.0]
[-8.0901699066162109, -5.8778524398803711, 1.0];[-9.1006113688151036, -4.1277161280314134, 1.0]
[-9.1006113688151036, -4.1277161280314125, 1.0];[-9.1354541778564453, -4.0673666000366211, 1.0]
[-9.1354541778564453, -4.0673666000366211, 1.0];[-9.7599419593811039, -2.1453918139139816, 1.0]
[-9.7599419593811039, -2.1453918139139811, 1.0];[-9.7814760208129918, -2.0791168212890629, 1.0]
[-9.7814760208129883, -2.0791168212890625, 1.0];[-9.992715867360431, -0.069303894042969438, 1.0]
[-9.9927158673604328, -0.069303894042968661, 1.0];[-10.0, -8.8817841970012523e-16, 1.0]
[-10.0, -1.2246467996456087e-15, 1.0];[-9.7887601534525572, 2.0098129272460938, 1.0]
[-9.7887601534525555, 2.0098129272460925, 1.0];[-9.7814760208129883, 2.0791168212890625, 1.0]
[-9.7814760208129883, 2.0791168212890625, 1.0];[-9.1569882392883297, 4.0010916074117029, 1.0]
[-9.1569882392883297, 4.001091607411702, 1.0];[-9.1354541778564453, 4.0673666000366202, 1.0]
[-9.1354541778564453, 4.0673666000366211, 1.0];[-8.1250127156575545, 5.8175029118855814, 1.0]
[-8.1250127156575527, 5.8175029118855797, 1.0];[-8.0901699066162109, 5.8778524398803711, 1.0]
[-8.0901699066162109, 5.8778524398803711, 1.0];[-6.7379349072774257, 7.3796619256337497, 1.0]
[-6.7379349072774248, 7.3796619256337479, 1.0];[-6.6913061141967756, 7.4314484596252424, 1.0]
[-6.6913061141967773, 7.4314484596252441, 1.0];[-5.0563768704732235, 8.6192942778269419, 1.0]
[-5.0563768704732261, 8.6192942778269455, 1.0];[-4.9999999999999991, 8.6602544784545898, 1.0]
[-5.0, 8.6602544784545898, 1.0];[-3.1538309097290016, 9.4822211265563929, 1.0]
[-3.1538309097290038, 9.4822211265563965, 1.0];[-3.0901699066162105, 9.5105648040771449, 1.0]
[-3.0901699066162109, 9.5105648040771484, 1.0];[-1.1134474674860639, 9.9307305653889966, 1.0]
[-1.1134475866953533, 9.9307305653889966, 1.0];[-1.0452846288681026, 9.9452190399169886, 1.0]
[-1.045284628868103, 9.9452190399169922, 1.0];[0.97559898694356306, 9.9452190399169922, 1.0]
[0.97559898694356306, 9.9452190399169922, 1.0];[1.045284628868103, 9.9452190399169922, 1.0]
[1.045284628868103, 9.9452190399169922, 1.0];[3.0220070679982505, 9.5250532786051458, 1.0]
[3.0220069487889605, 9.5250532786051441, 1.0];[3.0901699066162096, 9.5105648040771431, 1.0]
[3.0901699066162109, 9.5105648040771484, 1.0];[4.9363389968872058, 8.6885981559753382, 1.0]
[4.9363389968872067, 8.6885981559753418, 1.0];[5.0, 8.6602544784545881, 1.0]
[5.0, 8.6602544784545898, 1.0];[6.6349292437235521, 7.4724086602528912, 1.0]
[6.6349292437235512, 7.4724086602528885, 1.0];[6.6913061141967765, 7.4314484596252424, 1.0]
[6.6913061141967773, 7.4314484596252441, 1.0];[8.0435411135355626, 5.9296389738718673, 1.0]
[8.0435411135355626, 5.9296389738718673, 1.0];[8.0901699066162092, 5.8778524398803693, 1.0]
[8.0901699066162109, 5.8778524398803711, 1.0];[9.1006113688151036, 4.1277161280314134, 1.0]
[9.1006113688151036, 4.1277161280314125, 1.0];[9.1354541778564453, 4.0673666000366211, 1.0]
[9.1354541778564453, 4.0673666000366211, 1.0];[9.7599419593811039, 2.1453918139139816, 1.0]
[9.7599419593811039, 2.1453918139139811, 1.0];[9.7814760208129918, 2.0791168212890629, 1.0]
[9.7814760208129883, 2.0791168212890625, 1.0];[9.9927158673604364, 0.069303894042968994, 1.0]
[9.9927158673604328, 0.069303894042968661, 1.0];[10.0, 0.0, 1.0]
