[17.575857162241263, -0.18861484559269748, -2.4041951762754366e-10];[17.575857162475586, -0.18861460685729983, -2.4041951762754366e-10]
[17.575858186083881, -0.18861481631232024, -2.4041951762754366e-10];[17.575857162475582, -0.18861460685729936, -2.4041951762754366e-10]
[-11.506518781030152, 12.564653570446561, 0.099999999759580488];[-0.011325005915838737, 17.385142014109665, 0.099999999759580488]
[12.417991470632071, 12.346826329438283, 0.099999999759580488];[0.092312825009273958, 17.385491750343178, 0.099999999759580488]
[17.673320999689345, -0.056837089056800849, 0.099999999759580488];[12.574451470601769, 12.191119218196985, 0.099999999759580488]
[12.574456339649348, -12.566332138155969, 0.099999999759580488];[17.673321034969767, -0.320367096308253, 0.099999999759580488]
[0.092318323133511626, -17.760707786595443, 0.099999999759580488];[12.417990778453442, -12.722044590393264, 0.099999999759580488]
[-11.507406872158175, -12.939499252442923, 0.099999999759580488];[-0.011330427115150421, -17.760357546525572, 0.099999999759580488]
[-11.512453571992534, -12.235705474237056, 0.099999999759580488];[-11.507322807744893, -10.529160878250408, 0.099999999759580488]
[-11.507406872158175, -12.939499252442923, 0.099999999759580488];[-11.512453571992534, -12.235705474237053, 0.099999999759580488]
[0.040257510774103562, -17.760607280319192, 0.099999999759580488];[0.092318343934717259, -17.760707586126848, 0.099999999759580488]
[-0.011330427115149533, -17.760357546525569, 0.099999999759580488];[0.040257510082451042, -17.760607545706307, 0.099999999759580488]
[-11.506518781030152, 12.564653570446561, 0.099999999759580488];[-11.390669624603326, 5.9158575122669683, 0.099999999759580488]
[-11.39066991517597, 5.9158567821100716, 0.099999999759580488];[-11.507322517172254, -10.529161831924723, 0.099999999759580488]
[0.092312657059972381, 17.385491841465189, 0.099999999759580488];[0.040257520737182056, 17.385391737044067, 0.099999999759580488]
[0.040257520500314815, 17.385391827930032, 0.099999999759580488];[-0.011325005915837155, 17.385142014109668, 0.099999999759580488]
[12.496093461462657, -12.644553804658059, 0.099999999759580488];[12.574456270091526, -12.56633214848784, 0.099999999759580488]
[12.417990768078599, -12.722044659609352, 0.099999999759580488];[12.49609376056576, -12.644554104812201, 0.099999999759580488]
[17.673321034735444, -0.3203673344100757, 0.099999999759580488];[17.673522076202325, -0.18861036545112564, 0.099999999759580488]
[17.673522075967526, -0.18861036545113594, 0.099999999759580488];[17.673320999923661, -0.056836850321401497, 0.099999999759580488]
[12.574451694396503, 12.191119184955284, 0.099999999759580488];[12.495489629318127, 12.269698223836613, 0.099999999759580488]
[12.495489398117988, 12.269697987926959, 0.099999999759580488];[12.417991504011976, 12.346826106743183, 0.099999999759580488]
[-17.571961314874706, -0.29192225956044915, 0.19999999975958049];[-12.515995675096068, -12.563395009873176, 0.19999999975958049]
[-12.515991697062452, 12.18818195288868, 0.19999999975958049];[-17.571961528631295, -0.085287070825777356, 0.19999999975958049]
[-0.14230177304570724, 17.482097309798398, 0.19999999975958049];[-12.336514839996985, 12.368476138265715, 0.19999999975958049]
[12.393774307508686, 12.508391897570673, 0.19999999975958049];[0.2239786385880711, 17.483333268019496, 0.19999999975958049]
[17.770784837137427, 0.074940667479097556, 0.19999999975958049];[12.736814825485734, 12.167002323553254, 0.19999999975958049]
[12.736819694533308, -12.542215267533004, 0.19999999975958049];[17.770784907463948, -0.45211958575920974, 0.19999999975958049]
[0.22398417621613476, -17.858549381632209, 0.19999999975958049];[12.393773603769205, -12.88361025952336, 0.19999999975958049]
[-12.336514153153512, -12.743694459445479, 0.19999999975958049];[-0.14230687845658263, -17.857313086214855, 0.19999999975958049]
[0.040003176446726116, -17.85819537670735, 0.19999999975958049];[0.22398419701734074, -17.858549181163625, 0.19999999975958049]
[-0.14230681284393043, -17.857312822548671, 0.19999999975958049];[0.040003175755073672, -17.858195642094458, 0.19999999975958049]
[-17.571961296580181, -0.085287606467836952, 0.19999999975958049];[-17.572105429083742, -0.18861129668516471, 0.19999999975958049]
[-17.572105196597938, -0.18861129669520885, 0.19999999975958049];[-17.57196154692587, -0.29192234810778728, 0.19999999975958049]
[-12.515996287190056, -12.563394919224496, 0.19999999975958049];[-12.426673137185196, -12.653390451509589, 0.19999999975958049]
[-12.426673399690582, -12.653390713083107, 0.19999999975958049];[-12.336514130121341, -12.743694616211197, 0.19999999975958049]
[-12.33651484176869, 12.368476126206815, 0.19999999975958049];[-12.426671086844419, 12.278174762117423, 0.19999999975958049]
[-12.426671411115722, 12.27817508523748, 0.19999999975958049];[-12.515990940946253, 12.188182064866586, 0.19999999975958049]
[0.2239784706387713, 17.483333359141511, 0.19999999975958049];[0.040003186470946854, 17.48297979795187, 0.19999999975958049]
[0.040003186234079634, 17.482979888837836, 0.19999999975958049];[-0.14230136049182954, 17.482097219501828, 0.19999999975958049]
[12.565011812131704, -12.713714332661873, 0.19999999975958049];[12.736819624975491, -12.542215277864875, 0.19999999975958049]
[12.393773593394364, -12.883610328739451, 0.19999999975958049];[12.565012111234809, -12.71371463281602, 0.19999999975958049]
[17.770784907229626, -0.45211982386103067, 0.19999999975958049];[17.771186989929078, -0.1886061240449517, 0.19999999975958049]
[17.771186989694275, -0.18860612404496188, 0.19999999975958049];[17.770784837371746, 0.074940906214496728, 0.19999999975958049]
[12.736815049280464, 12.167002290311554, 0.19999999975958049];[12.56368997515491, 12.339287801821653, 0.19999999975958049]
[12.56368974395477, 12.339287565911995, 0.19999999975958049];[12.393774340888593, 12.508391674875575, 0.19999999975958049]
[-17.669290628552403, -0.42281170482082331, 0.29999999975958053];[-12.677081684556082, -12.539538814117602, 0.29999999975958053]
[-12.677077725660398, 12.164325730537726, 0.29999999975958053];[-17.669290819130008, 0.045627491904602024, 0.29999999975958053]
[-0.27327812762170112, 17.579052515190561, 0.29999999975958053];[-12.312735422628046, 12.530327896575297, 0.29999999975958053]
[12.369557144385299, 12.669957465703064, 0.29999999975958053];[0.35564445216687179, 17.581174785695826, 0.29999999975958053]
[17.868248674585509, 0.20671842401499596, 0.29999999975958053];[12.899178180369692, 12.142885428909524, 0.29999999975958053]
[12.899183049417271, -12.518098396910037, 0.29999999975958053];[17.86824877995813, -0.58387207521017004, 0.29999999975958053]
[0.35565002929875966, -17.956390976668978, 0.29999999975958053];[12.369556429084966, -13.045175928653457, 0.29999999975958053]
[-12.312734727255584, -12.905546299718011, 0.29999999975958053];[-0.27328326418536264, -17.954268362237951, 0.29999999975958053]
[0.039748842119348662, -17.955783473095508, 0.29999999975958053];[0.3556500500999642, -17.956390776200386, 0.29999999975958053]
[-0.27328319857271133, -17.954268098571774, 0.29999999975958053];[0.039748841427696094, -17.955783738482623, 0.29999999975958053]
[-17.669290587078901, 0.045626956262545093, 0.29999999975958053];[-17.669617039444283, -0.18860708386377584, 0.29999999975958053]
[-17.66961680695848, -0.18860708387381997, 0.29999999975958053];[-17.669290860603571, -0.42281179336816038, 0.29999999975958053]
[-12.677082296650074, -12.539538723468922, 0.29999999975958053];[-12.495757209284495, -12.722229281867644, 0.29999999975958053]
[-12.495757471789879, -12.722229543441161, 0.29999999975958053];[-12.31273470422342, -12.905546456483739, 0.29999999975958053]
[-12.312735424399751, 12.530327884516401, 0.29999999975958053];[-12.495755146517819, 12.34701355611152, 0.29999999975958053]
[-12.495755470789122, 12.347013879231577, 0.29999999975958053];[-12.677076969544196, 12.164325842515627, 0.29999999975958053]
[0.35564428421757022, 17.581174876817833, 0.29999999975958053];[0.039748852204711603, 17.580567858859673, 0.29999999975958053]
[0.039748851967844459, 17.580567949745642, 0.29999999975958053];[-0.27327771506782189, 17.579052424893991, 0.29999999975958053]
[12.63393016280075, -12.782874860665686, 0.29999999975958053];[12.899182979859447, -12.518098407241904, 0.29999999975958053]
[12.369556418710127, -13.045175997869551, 0.29999999975958053];[12.633930461903855, -12.782875160819833, 0.29999999975958053]
[17.868248779723807, -0.58387231331198741, 0.29999999975958053];[17.86885190365583, -0.18860188263877758, 0.29999999975958053]
[17.868851903421021, -0.18860188263878785, 0.29999999975958053];[17.868248674819839, 0.20671866275039497, 0.29999999975958053]
[12.899178404164426, 12.142885395667824, 0.29999999975958053];[12.631890320991689, 12.408877379806688, 0.29999999975958053]
[12.631890089791552, 12.408877143897033, 0.29999999975958053];[12.369557177765207, 12.669957243007968, 0.29999999975958053]
[-17.766619942230101, -0.55370115008119569, 0.3999999997595805];[-12.838167694016098, -12.515682618362028, 0.3999999997595805]
[-12.838163754258344, 12.14046950818677, 0.3999999997595805];[-17.766620109628729, 0.17654205463498229, 0.3999999997595805]
[-0.40425448219769322, 17.676007720582728, 0.3999999997595805];[-12.288956005259106, 12.692179654884878, 0.3999999997595805]
[12.345339981261914, 12.831523033835456, 0.3999999997595805];[0.48731026574566716, 17.679016303372137, 0.3999999997595805]
[17.965712512033591, 0.33849618055089437, 0.3999999997595805];[13.061541535253658, 12.118768534265794, 0.3999999997595805]
[13.061546404301231, -12.493981526287071, 0.3999999997595805];[17.965712652452311, -0.71562456466112234, 0.3999999997595805]
[0.48731588238138279, -18.054232571705747, 0.3999999997595805];[12.345339254400729, -13.206741597783559, 0.3999999997595805]
[-12.288955301357657, -13.067398139990544, 0.3999999997595805];[-0.40425964991414087, -18.051223638261053, 0.3999999997595805]
[0.039494507791971202, -18.053371569483666, 0.3999999997595805];[0.48731590318258761, -18.054232371237159, 0.3999999997595805]
[-0.40425958430149223, -18.051223374594873, 0.3999999997595805];[0.039494507100318724, -18.053371834870781, 0.3999999997595805]
[-17.766619877577622, 0.17654151899292359, 0.3999999997595805];[-17.767128649804821, -0.18860287104238693, 0.3999999997595805]
[-17.767128417319022, -0.18860287105243106, 0.3999999997595805];[-17.766620174281268, -0.55370123862853338, 0.3999999997595805]
[-12.838168306110092, -12.515682527713349, 0.3999999997595805];[-12.56484128138379, -12.791068112225698, 0.3999999997595805]
[-12.564841543889179, -12.791068373799217, 0.3999999997595805];[-12.288955278325483, -13.067398296756267, 0.3999999997595805]
[-12.28895600703081, 12.692179642825986, 0.3999999997595805];[-12.564839206191218, 12.415852350105617, 0.3999999997595805]
[-12.564839530462525, 12.415852673225675, 0.3999999997595805];[-12.838162998142147, 12.140469620164676, 0.3999999997595805]
[0.48731009779636913, 17.679016394494152, 0.3999999997595805];[0.039494517938476498, 17.67815591976748, 0.3999999997595805]
[0.039494517701609277, 17.678156010653446, 0.3999999997595805];[-0.40425406964381433, 17.676007630286151, 0.3999999997595805]
[12.702848513469796, -12.852035388669501, 0.3999999997595805];[13.061546334743408, -12.493981536618939, 0.3999999997595805]
[12.34533924402589, -13.206741666999651, 0.3999999997595805];[12.702848812572897, -12.852035688823642, 0.3999999997595805]
[17.965712652217988, -0.71562480276294416, 0.3999999997595805];[17.966516817382573, -0.18859764123260359, 0.3999999997595805]
[17.96651681714777, -0.1885976412326138, 0.3999999997595805];[17.965712512267917, 0.33849641928629326, 0.3999999997595805]
[13.061541759048389, 12.118768501024094, 0.3999999997595805];[12.700090666828478, 12.478466957791731, 0.3999999997595805]
[12.700090435628335, 12.478466721882072, 0.3999999997595805];[12.34534001464182, 12.831522811140362, 0.3999999997595805]
[-17.863949255907798, -0.68459059534156985, 0.49999999975958048];[-12.999253703476121, -12.491826422606458, 0.49999999975958048]
[-12.999249782856291, 12.116613285835816, 0.49999999975958048];[-17.863949400127453, 0.30745661736536256, 0.49999999975958048]
[-0.53523083677368533, 17.772962925974891, 0.49999999975958048];[-12.265176587890167, 12.854031413194464, 0.49999999975958048]
[12.321122818138527, 12.993088601967848, 0.49999999975958048];[0.61897607932446608, 17.776857821048463, 0.49999999975958048]
[18.063176349481672, 0.47027393708679277, 0.49999999975958048];[13.223904890137618, 12.094651639622064, 0.49999999975958048]
[13.223909759185196, -12.469864655664104, 0.49999999975958048];[18.063176524946485, -0.8473770541120782, 0.49999999975958048]
[0.6189817354640077, -18.152074166742512, 0.49999999975958048];[12.321122079716494, -13.368307266913666, 0.49999999975958048]
[-12.265175875459727, -13.229249980263077, 0.49999999975958048];[-0.53523603564292088, -18.148178914284156, 0.49999999975958048]
[0.039240173464593756, -18.150959665871824, 0.49999999975958048];[0.6189817562652109, -18.152073966273917, 0.49999999975958048]
[-0.53523597003027312, -18.148178650617975, 0.49999999975958048];[0.039240172772941062, -18.150959931258946, 0.49999999975958048]
[-17.863949168076342, 0.30745608172330563, 0.49999999975958048];[-17.864640260165363, -0.18859865822099803, 0.49999999975958048]
[-17.864640027679563, -0.18859865823104219, 0.49999999975958048];[-17.863949487958962, -0.68459068388890654, 0.49999999975958048]
[-12.999254315570109, -12.491826331957775, 0.49999999975958048];[-12.633925353483086, -12.859906942583748, 0.49999999975958048]
[-12.633925615988476, -12.859907204157272, 0.49999999975958048];[-12.265175852427564, -13.229250137028806, 0.49999999975958048]
[-12.265176589661872, 12.85403140113557, 0.49999999975958048];[-12.633923265864622, 12.48469114409971, 0.49999999975958048]
[-12.633923590135925, 12.484691467219772, 0.49999999975958048];[-12.99924902674009, 12.116613397813721, 0.49999999975958048]
[0.61897591137516805, 17.776857912170474, 0.49999999975958048];[0.039240183672241309, 17.775743980675283, 0.49999999975958048]
[0.039240183435374096, 17.775744071561249, 0.49999999975958048];[-0.53523042421980649, 17.772962835678321, 0.49999999975958048]
[12.771766864138842, -12.921195916673314, 0.49999999975958048];[13.223909689627371, -12.469864665995974, 0.49999999975958048]
[12.321122069341653, -13.368307336129751, 0.49999999975958048];[12.771767163241945, -12.921196216827456, 0.49999999975958048]
[18.063176524712169, -0.8473772922139009, 0.49999999975958048];[18.064181731109318, -0.18859339982642953, 0.49999999975958048]
[18.064181730874516, -0.18859339982643974, 0.49999999975958048];[18.063176349715999, 0.4702741758221915, 0.49999999975958048]
[13.22390511393235, 12.094651606380364, 0.49999999975958048];[12.768291012665255, 12.548056535776762, 0.49999999975958048]
[12.768290781465115, 12.54805629986711, 0.49999999975958048];[12.321122851518437, 12.993088379272752, 0.49999999975958048]
[-17.961278569585495, -0.81548004060194046, 0.59999999975958063];[-13.160339712936135, -12.467970226850884, 0.59999999975958063]
[-13.160335811454235, 12.092757063484861, 0.59999999975958063];[-17.961278690626173, 0.43837118009574638, 0.59999999975958063]
[-0.66620719134967743, 17.869918131367054, 0.59999999975958063];[-12.241397170521228, 13.015883171504047, 0.59999999975958063]
[12.296905655015141, 13.154654170100239, 0.59999999975958063];[0.75064189290326322, 17.874699338724781, 0.59999999975958063]
[18.160640186929754, 0.60205169362269118, 0.59999999975958063];[13.386268245021574, 12.070534744978332, 0.59999999975958063]
[13.386273114069155, -12.445747785041137, 0.59999999975958063];[18.16064039744067, -0.97912954356303405, 0.59999999975958063]
[0.75064758854662905, -18.249915761779278, 0.59999999975958063];[12.296904905032257, -13.529872936043763, 0.59999999975958063]
[-12.241396449561799, -13.391101820535608, 0.59999999975958063];[-0.66621242137170622, -18.245134190307258, 0.59999999975958063]
[0.038985839137216302, -18.248547762259982, 0.59999999975958063];[0.7506476093478347, -18.249915561310694, 0.59999999975958063]
[-0.66621235575905402, -18.245133926641078, 0.59999999975958063];[0.038985838445563747, -18.248548027647104, 0.59999999975958063]
[-17.961278458575059, 0.4383706444536859, 0.59999999975958063];[-17.962151870525901, -0.18859444539960912, 0.59999999975958063]
[-17.962151638040105, -0.18859444540965328, 0.59999999975958063];[-17.961278801636659, -0.81548012914927959, 0.59999999975958063]
[-13.160340325030127, -12.467970136202203, 0.59999999975958063];[-12.703009425582385, -12.928745772941806, 0.59999999975958063]
[-12.703009688087773, -12.928746034515326, 0.59999999975958063];[-12.241396426529629, -13.391101977301334, 0.59999999975958063]
[-12.241397172292931, 13.015883159445153, 0.59999999975958063];[-12.703007325538021, 12.553529938093806, 0.59999999975958063]
[-12.703007649809326, 12.553530261213867, 0.59999999975958063];[-13.160335055338038, 12.092757175462763, 0.59999999975958063]
[0.75064172495396519, 17.874699429846792, 0.59999999975958063];[0.038985849406006065, 17.873332041583087, 0.59999999975958063]
[0.038985849169138921, 17.873332132469052, 0.59999999975958063];[-0.66620677879579926, 17.869918041070481, 0.59999999975958063]
[12.840685214807888, -12.990356444677127, 0.59999999975958063];[13.386273044511332, -12.445747795373007, 0.59999999975958063]
[12.296904894657416, -13.529873005259851, 0.59999999975958063];[12.840685513910993, -12.990356744831271, 0.59999999975958063]
[18.160640397206347, -0.97912978166485409, 0.59999999975958063];[18.161846644836071, -0.18858915842025561, 0.59999999975958063]
[18.161846644601265, -0.18858915842026569, 0.59999999975958063];[18.160640187164077, 0.60205193235808996, 0.59999999975958063]
[13.386268468816311, 12.070534711736634, 0.59999999975958063];[12.836491358502034, 12.617646113761801, 0.59999999975958063]
[12.836491127301899, 12.617645877852148, 0.59999999975958063];[12.296905688395052, 13.154653947405148, 0.59999999975958063]
[-18.058607883263189, -0.94636948586231462, 0.69999999975958049];[-13.321425722396155, -12.444114031095307, 0.69999999975958049]
[-13.321421840052182, 12.068900841133907, 0.69999999975958049];[-18.058607981124894, 0.56928574282612665, 0.69999999975958049]
[-0.79718354592566953, 17.966873336759221, 0.69999999975958049];[-12.217617753152288, 13.17773492981363, 0.69999999975958049]
[12.272688491891756, 13.316219738232631, 0.69999999975958049];[0.88230770648206214, 17.9725408564011, 0.69999999975958049]
[18.258104024377836, 0.73382945015858958, 0.69999999975958049];[13.548631599905541, 12.046417850334604, 0.69999999975958049]
[13.548636468953116, -12.421630914418172, 0.69999999975958049];[18.258104269934851, -1.1108820330139926, 0.69999999975958049]
[0.88231344162925218, -18.347757356816047, 0.69999999975958049];[12.27268773034802, -13.691438605173863, 0.69999999975958049]
[-12.21761702366387, -13.552953660808141, 0.69999999975958049];[-0.79718880710048357, -18.342089466330361, 0.69999999975958049]
[0.038731504809838849, -18.34613585864814, 0.69999999975958049];[0.88231346243045783, -18.347757156347452, 0.69999999975958049]
[-0.79718874148783492, -18.342089202664177, 0.69999999975958049];[0.038731504118186155, -18.346136124035258, 0.69999999975958049]
[-18.058607749073779, 0.56928520718406617, 0.69999999975958049];[-18.059663480886446, -0.18859023257822033, 0.69999999975958049]
[-18.059663248400646, -0.18859023258826438, 0.69999999975958049];[-18.05860811531436, -0.94636957440965253, 0.69999999975958049]
[-13.321426334490145, -12.444113940446629, 0.69999999975958049];[-12.772093497681681, -12.997584603299863, 0.69999999975958049]
[-12.772093760187069, -12.99758486487338, 0.69999999975958049];[-12.217617000631703, -13.552953817573867, 0.69999999975958049]
[-12.217617754923992, 13.177734917754735, 0.69999999975958049];[-12.772091385211425, 12.622368732087907, 0.69999999975958049]
[-12.772091709482726, 12.622369055207963, 0.69999999975958049];[-13.321421083935984, 12.068900953111813, 0.69999999975958049]
[0.88230753853276411, 17.972540947523115, 0.69999999975958049];[0.038731515139771105, 17.970920102490897, 0.69999999975958049]
[0.038731514902903739, 17.970920193376855, 0.69999999975958049];[-0.79718313337179136, 17.966873246462651, 0.69999999975958049]
[12.909603565476933, -13.059516972680941, 0.69999999975958049];[13.548636399395297, -12.421630924750044, 0.69999999975958049]
[12.272687719973179, -13.69143867438995, 0.69999999975958049];[12.909603864580038, -13.059517272835087, 0.69999999975958049]
[18.258104269700528, -1.1108822711158108, 0.69999999975958049];[18.259511558562814, -0.18858491701408148, 0.69999999975958049]
[18.259511558328011, -0.18858491701409164, 0.69999999975958049];[18.258104024612159, 0.73382968889398803, 0.69999999975958049]
[13.548631823700273, 12.046417817092903, 0.69999999975958049];[12.90469170433882, 12.687235691746841, 0.69999999975958049]
[12.90469147313868, 12.687235455837184, 0.69999999975958049];[12.272688525271661, 13.316219515537535, 0.69999999975958049]
[-18.155937196940886, -1.0772589311226888, 0.79999999975958058];[-13.482511731856167, -12.420257835339735, 0.79999999975958058]
[-13.482507868650128, 12.045044618782953, 0.79999999975958058];[-18.155937271623614, 0.70020030555650692, 0.79999999975958058]
[-0.92815990050166342, 18.063828542151384, 0.79999999975958058];[-12.193838335783347, 13.339586688123214, 0.79999999975958058]
[12.248471328768369, 13.477785306365023, 0.79999999975958058];[1.0139735200608637, 18.070382374077422, 0.79999999975958058]
[18.355567861825918, 0.86560720669448799, 0.79999999975958058];[13.710994954789504, 12.022300955690874, 0.79999999975958058]
[13.71099982383708, -12.397514043795205, 0.79999999975958058];[18.355568142429032, -1.2426345224649467, 0.79999999975958058]
[1.0139792947118771, -18.445598951852816, 0.79999999975958058];[12.248470555663783, -13.853004274303963, 0.79999999975958058]
[-12.193837597765942, -13.714805501080674, 0.79999999975958058];[-0.92816519282926802, -18.439044742353467, 0.79999999975958058]
[0.038477170482461395, -18.443723955036297, 0.79999999975958058];[1.0139793155130814, -18.445598751384228, 0.79999999975958058]
[-0.92816512721661759, -18.439044478687279, 0.79999999975958058];[0.038477169790808716, -18.443724220423409, 0.79999999975958058]
[-18.1559370395725, 0.70019976991444643, 0.79999999975958058];[-18.157175091246977, -0.18858601975683137, 0.79999999975958058]
[-18.157174858761188, -0.1885860197668755, 0.79999999975958058];[-18.155937428992051, -1.0772590196700258, 0.79999999975958058]
[-13.482512343950162, -12.420257744691055, 0.79999999975958058];[-12.841177569780978, -13.066423433657913, 0.79999999975958058]
[-12.841177832286368, -13.066423695231435, 0.79999999975958058];[-12.193837574733777, -13.714805657846401, 0.79999999975958058]
[-12.193838337555054, 13.33958667606432, 0.79999999975958058];[-12.841175444884826, 12.691207526082001, 0.79999999975958058]
[-12.841175769156129, 12.691207849202062, 0.79999999975958058];[-13.482507112533932, 12.045044730760857, 0.79999999975958058]
[1.013973352111563, 18.070382465199437, 0.79999999975958058];[0.038477180873535848, 18.068508163398697, 0.79999999975958058]
[0.038477180636668558, 18.068508254284662, 0.79999999975958058];[-0.92815948794778391, 18.063828451854814, 0.79999999975958058]
[12.978521916145981, -13.128677500684756, 0.79999999975958058];[13.710999754279255, -12.39751405412707, 0.79999999975958058]
[12.248470545288942, -13.85300434352005, 0.79999999975958058];[12.978522215249082, -13.128677800838897, 0.79999999975958058]
[18.355568142194709, -1.2426347605667676, 0.79999999975958058];[18.357176472289567, -0.18858067560790737, 0.79999999975958058]
[18.357176472054761, -0.18858067560791758, 0.79999999975958058];[18.355567862060241, 0.86560744542988632, 0.79999999975958058]
[13.710995178584234, 12.022300922449174, 0.79999999975958058];[12.972892050175602, 12.756825269731877, 0.79999999975958058]
[12.972891818975462, 12.756825033822224, 0.79999999975958058];[12.248471362148274, 13.477785083669925, 0.79999999975958058]
[-18.253266510618584, -1.2081483763830612, 0.89999999975958045];[-13.643597741316189, -12.396401639584159, 0.89999999975958045]
[-13.643593897248074, 12.021188396431997, 0.89999999975958045];[-18.253266562122327, 0.83111486828688275, 0.89999999975958045]
[-1.0591362550776555, 18.160783747543547, 0.89999999975958045];[-12.170058918414409, 13.5014384464328, 0.89999999975958045]
[12.224254165644984, 13.639350874497413, 0.89999999975958045];[1.14563933363966, 18.16822389175374, 0.89999999975958045]
[18.453031699274, 0.99738496323038639, 0.89999999975958045];[13.873358309673463, 11.998184061047144, 0.89999999975958045]
[13.873363178721041, -12.373397173172238, 0.89999999975958045];[18.45303201492321, -1.3743870119158998, 0.89999999975958045]
[1.1456451477945002, -18.543440546889581, 0.89999999975958045];[12.224253380979544, -14.014569943434061, 0.89999999975958045]
[-12.170058171868014, -13.876657341353207, 0.89999999975958045];[-1.059141578558048, -18.536000018376566, 0.89999999975958045]
[0.038222836155083942, -18.541312051424455, 0.89999999975958045];[1.1456451685957045, -18.54344034642099, 0.89999999975958045]
[-1.0591415129453967, -18.535999754710382, 0.89999999975958045];[0.038222835463431207, -18.54131231681157, 0.89999999975958045]
[-18.25326633007122, 0.8311143326448267, 0.89999999975958045];[-18.254686701607525, -0.1885818069354426, 0.89999999975958045]
[-18.254686469121729, -0.1885818069454866, 0.89999999975958045];[-18.253266742669748, -1.2081484649303982, 0.89999999975958045]
[-13.643598353410178, -12.396401548935481, 0.89999999975958045];[-12.910261641880272, -13.135262264015969, 0.89999999975958045]
[-12.910261904385665, -13.135262525589491, 0.89999999975958045];[-12.170058148835844, -13.876657498118931, 0.89999999975958045]
[-12.170058920186115, 13.501438434373902, 0.89999999975958045];[-12.910259504558223, 12.760046320076095, 0.89999999975958045]
[-12.910259828829531, 12.760046643196159, 0.89999999975958045];[-13.643593141131873, 12.021188508409899, 0.89999999975958045]
[1.1456391656903619, 18.168223982875755, 0.89999999975958045];[0.03822284660730059, 18.1660962243065, 0.89999999975958045]
[0.038222846370433383, 18.166096315192465, 0.89999999975958045];[-1.0591358425237762, 18.160783657246974, 0.89999999975958045]
[13.047440266815027, -13.197838028688569, 0.89999999975958045];[13.87336310916322, -12.37339718350411, 0.89999999975958045]
[12.224253370604705, -14.01457001265015, 0.89999999975958045];[13.047440565918132, -13.197838328842712, 0.89999999975958045]
[18.45303201468889, -1.3743872500177226, 0.89999999975958045];[18.454841386016319, -0.18857643420173353, 0.89999999975958045]
[18.454841385781506, -0.18857643420174353, 0.89999999975958045];[18.453031699508326, 0.9973852019657844, 0.89999999975958045]
[13.873358533468197, 11.998184027805443, 0.89999999975958045];[13.041092396012381, 12.826414847716917, 0.89999999975958045]
[13.041092164812245, 12.826414611807261, 0.89999999975958045];[12.224254199024895, 13.639350651802319, 0.89999999975958045]
[-18.350595824296281, -1.3390378216434353, 0.99999999975958054];[-13.804683750776206, -12.372545443828585, 0.99999999975958054]
[-13.80467992584602, 11.997332174081043, 0.99999999975958054];[-18.350595852621048, 0.9620294310172639, 0.99999999975958054]
[-1.1901126096536476, 18.257738952935711, 0.99999999975958054];[-12.14627950104547, 13.663290204742378, 0.99999999975958054]
[12.200037002521597, 13.800916442629806, 0.99999999975958054];[1.2773051472184589, 18.266065409430059, 0.99999999975958054]
[18.550495536722082, 1.1291627197662848, 0.99999999975958054];[14.035721664557425, 11.974067166403415, 0.99999999975958054]
[14.035726533605004, -12.349280302549271, 0.99999999975958054];[18.550495887417394, -1.5061395013668593, 0.99999999975958054]
[1.2773110008771251, -18.641282141926347, 0.99999999975958054];[12.200036206295312, -14.176135612564163, 0.99999999975958054]
[-12.146278745970085, -14.03850918162574, 0.99999999975958054];[-1.190117964286828, -18.632955294399665, 0.99999999975958054]
[0.037968501827706488, -18.638900147812613, 0.99999999975958054];[1.2773110216783283, -18.641281941457759, 0.99999999975958054]
[-1.1901178986741776, -18.632955030733484, 0.99999999975958054];[0.037968501136054045, -18.638900413199721, 0.99999999975958054]
[-18.350595620569937, 0.96202889537520697, 0.99999999975958054];[-18.352198311968067, -0.18857759411405348, 0.99999999975958054]
[-18.352198079482271, -0.18857759412409772, 0.99999999975958054];[-18.350596056347449, -1.3390379101907719, 0.99999999975958054]
[-13.804684362870198, -12.372545353179907, 0.99999999975958054];[-12.979345713979574, -13.204101094374026, 0.99999999975958054]
[-12.979345976484961, -13.204101355947545, 0.99999999975958054];[-12.146278722937916, -14.038509338391464, 0.99999999975958054]
[-12.146279502817174, 13.663290192683487, 0.99999999975958054];[-12.979343564231627, 12.828885114070195, 0.99999999975958054]
[-12.979343888502932, 12.828885437190253, 0.99999999975958054];[-13.804679169729825, 11.997332286058949, 0.99999999975958054]
[1.2773049792691609, 18.266065500552077, 0.99999999975958054];[0.03796851234106554, 18.263684285214303, 0.99999999975958054]
[0.037968512104198208, 18.263684376100272, 0.99999999975958054];[-1.1901121970997686, 18.25773886263914, 0.99999999975958054]
[13.116358617484073, -13.266998556692382, 0.99999999975958054];[14.03572646404718, -12.349280312881142, 0.99999999975958054]
[12.200036195920468, -14.17613568178025, 0.99999999975958054];[13.116358916587178, -13.266998856846527, 0.99999999975958054]
[18.550495887183068, -1.5061397394686793, 0.99999999975958054];[18.552506299743062, -0.18857219279555942, 0.99999999975958054]
[18.552506299508252, -0.18857219279556947, 0.99999999975958054];[18.550495536956408, 1.1291629585016829, 0.99999999975958054]
[14.035721888352159, 11.974067133161714, 0.99999999975958054];[13.109292741849162, 12.89600442570195, 0.99999999975958054]
[13.109292510649027, 12.896004189792299, 0.99999999975958054];[12.200037035901504, 13.80091621993471, 0.99999999975958054]
